code,name,ROA_now,CFO,CFO-NI,NCL_chg,CR_chg,CE_chg,ROA_chg,MR_chg,ATO_chg,return,annual_return
1101,台泥,0.04,12393450,-0.16312721,0.244237196,-3.7,0.027887766,0.01,-3.14,0,0.0008,0.002400019
1102,亞泥,0.04,9640536,-0.285234091,0.124528204,40.74,0.023364667,0.01,-1.98,0.01,-0.5607,-1.672686093
1103,嘉泥,0.01,-224370,-1.442746977,-0.011307402,-16.49,0,0.02,1.1,0,0.4773,1.438745332
1104,環泥,0.03,1159443,0.55278732,0.008048012,-12.01,0,0.01,-0.1,0,0.7006,2.116559599
1108,幸福,0.02,257749,0.516795151,-0.193089328,-4.7,0,0,-0.46,-0.03,1.3544,4.118480432
1109,信大,0.07,574571,-0.212856055,0.064832645,4.31,0,0.01,-4.05,-0.03,6.7819,21.75671781
1110,東泥,0.01,268787,1.898660599,-0.030401074,-0.1,0,0.01,-2.3,0,-0.8953,-2.661924901
1201,味全,0.02,709928,0.682892023,0.004249345,2.82,0,0.01,0.14,0.07,-1.1437,-3.392008111
1203,味王,0.06,540960,-0.032211319,0.006552479,-21.8,0,0.02,-0.86,0,1.1952,3.628625826
1210,大成,0.03,2216133,0.312591175,-0.146830661,0.19,0,0.01,-0.6,0.04,-0.7373,-2.195631742
1213,大飲,-0.06,-36780,-0.51507001,0.05024199,-7.57,0,-0.04,-3.38,0.04,1.4594,4.442406281
1215,卜蜂,0.05,489718,-0.530756052,0.171450388,-0.61,0,0.01,-0.77,-0.01,-0.5859,-1.747421748
1216,統一,0.05,34258777,0.508162572,0.027485021,8.5,0,0.02,-0.41,0.02,-0.8636,-2.568490259
1217,愛之味,0.02,-4001,-1.014479641,0.153428114,9.74,0,0.01,-0.73,0.04,0.0191,0.057310945
1218,泰山,0.04,-136212,-1.312643741,-0.0000695,-3.87,0,0.02,-0.11,0.1,2.5156,7.738239234
1219,福壽,0.03,-150626,-1.668554512,0.050898051,1.71,0,0,-1.79,0.04,0.4856,1.463885672
1220,台榮,0.05,281979,0.755893891,-0.006710516,-19.1,0,0.01,-2.31,0.05,0.8883,2.6886424
1225,福懋油,0.04,-195214,-1.537921875,-0.037710157,-9.05,0,0.01,-1.56,0.05,1.1253,3.414031499
1227,佳格,0.08,2208262,0.079327514,0.144118066,22.34,0,0.02,-0.73,0.05,-3.0802,-8.958893419
1229,聯華,0.07,1794402,-0.578795682,0.234066497,1.01,0,0.01,-5.1,-0.01,-0.4865,-1.452411047
1231,聯華食,0.06,502011,-0.059127482,0.039991795,9.11,0.100571007,0.02,0.44,0.02,-1.8357,-5.406624758
1232,大統益,0.14,-708801,-1.802829153,-0.003707728,94.14,0,0.03,-2.3,0.17,-0.3353,-1.002530987
1233,天仁,0,83777,-18.38112033,-0.110047025,-3.37,0,0,-1.26,0.01,1.7663,5.393045524
1234,黑松,0.02,369349,-0.312642134,0.027050559,-95.61,0,0.01,2.31,0.01,-0.2829,-0.846301292
1235,興泰,0.02,-1328,-1.015267,-0.05011108,-118.26,0,0.03,87.06,0.01,0.1145,0.343893458
1236,宏亞,-0.01,107536,-5.271030265,0.026578051,-0.39,0,-0.01,-0.79,-0.01,15.1286,52.59829127
1301,台塑,0.1,44640793,-0.181993666,0.099606755,74,0,0.03,-1.35,0,0.0022,0.006600145
1303,南亞,0.1,55463128,-0.165044514,0.152515181,51.15,0,0.04,0.17,0.02,0.7121,2.151548702
1304,台聚,0.09,5754997,-0.193328946,-0.014806229,2.55,0,0.03,-1.87,0.02,0.3323,1.000216368
1305,華夏,0.12,1117890,-0.458337815,0.215079825,-0.85,0.050000054,0.02,-3.72,0.01,-0.4162,-1.243410536
1307,三芳,0.01,-621257,-7.289426795,0.174383286,37.49,0,-0.01,-4.33,-0.05,0.2346,0.705452406
1308,亞聚,0.11,1504104,-0.265964892,-0.059929927,-22.68,0.019999938,0.04,-0.38,0.02,-0.0173,-0.051891022
1309,台達化,0.13,660998,-0.529335114,-0.415077116,-58.61,0.1,0.04,-1.19,0.05,-0.7391,-2.20095231
1310,台苯,0.04,260743,-0.215029097,0.004440194,-24.44,0,-0.01,-4.75,0.1,-0.8741,-2.599445261
1312,國喬,0.12,3759319,-0.281218273,0.345389724,-41.06,0,0.03,-2.07,-0.02,-0.004,-0.01199952
1313,聯成,0.06,-864816,-1.284927333,0.21442843,45.47,0,0.01,-1.56,0.03,1.9258,5.889375392
1314,中石化,0.02,-9091825,-5.498458264,0.133508432,34.02,0,0,-2.06,0.01,2.7219,8.389978773
1315,達新,0,275561,-102.6080383,-0.009445004,42.18,-0.285,0.02,-0.66,0.02,-1.2981,-3.84396683
1316,上曜,-0.01,-275544,2.016982186,-0.01738592,16.78,0.043955482,0,-1.29,0,-5.6783,-16.08591587
1319,東陽,0.01,2842201,5.170488394,-0.050420104,2.66,0,0,-0.24,0.01,-0.6245,-1.861824348
1321,大洋,0.01,416373,1.500273222,0.015621335,9.55,0,0.01,-0.68,0.02,-0.141,-0.42240385
1323,永裕,0.05,266845,0.0440272,-0.016259515,27.71,0,0.02,-0.12,0.02,2.2602,6.935009745
1324,地球,-0.01,-18684,1.733577176,-0.173929811,-7.88,0,0,-0.89,0.03,1.7752,5.420699476
1325,恒大,0.08,1367,-0.994935536,-0.046224941,1154.27,0,0.02,-5.83,-0.03,2.9781,9.203013689
1326,台化,0.06,27933240,-0.271684658,-0.012510078,28,0,0.02,-2.57,-0.01,-0.3721,-1.1121514
1339,昭輝,0.01,198240,3.34746376,0.064888959,17.8,0,0.01,-0.42,-0.01,-0.5463,-1.629962993
1342,八貫,0.08,80565,-0.562165775,0.469100783,39.51,0,0.03,0.81,0.02,-2.206,-6.473080456
1402,遠東新,0.02,28856985,1.669211069,-0.030457929,-6.2,0,0,-0.73,0,0.5201,1.568429189
1409,新纖,0.02,-3558761,-1.930870568,0.030461685,0.64,0,0.01,-0.6,0.01,3.3202,10.29497194
1410,南染,0.05,66184,0.011817584,-0.001343923,293.97,0,0.02,-0.99,0,-1.3003,-3.850396449
1413,宏洲,0.02,111106,0.813857054,-0.014426678,2.27,0,0.01,0.04,0.03,-2.8351,-8.266445034
1414,東和,0.02,227952,1.069525271,0.012162378,-3.7,0,0.01,0.95,0,-1.2601,-3.732864525
1416,廣豐,-0.06,166698,-1.689838112,-0.291027192,-174.35,0,0,5.12,0.01,3.1128,9.63210187
1417,嘉裕,0.04,-435356,-3.818275978,-0.013064731,-40.78,0,0.01,-4.67,-0.02,1.4284,4.346701237
1418,東華,-0.09,-109538,-0.517910349,-0.000196359,-113.97,0,-0.01,40.35,0,8.4194,27.4444709
1419,新紡,0.03,-135915,-1.345399376,-0.011626503,2.6,0,0.02,-2.54,0,0.1178,0.353816469
1423,利華,0.04,345129,1.570984803,-0.001570188,-850.78,0,-0.01,-42.32,0,-0.2561,-0.766334063
1432,大魯閣,-0.03,64745,-1.497605927,-0.000274858,5.13,0,-0.01,-4.09,-0.01,-5.9237,-16.73917974
1434,福懋,0.02,2076131,0.159333526,0.02582926,29.61,0,0.01,-0.43,-0.01,-1.575,-4.650971948
1435,中福,-0.03,-25897,-0.328588836,0.009485602,-3573.41,0,0,-1.28,0,-6.092,-17.18523499
1436,華友聯,0.04,-928815,-2.81901593,0.127691685,-3.73,0,0,-0.96,-0.05,3.3574,10.41414855
1437,勤益控,0.02,228802,-0.121337337,-0.010336729,-14.72,0,0.01,0.28,0,0.1848,0.555425162
1438,三地開發,0,-322931,-37.01728753,1.820151198,-5.33,0,0.01,-3.96,0,-0.6426,-1.915438492
1439,雋揚,0.03,-505258,-8.138328082,0.034214619,-56.57,0,0.02,0.49,0,-2.6062,-7.61660185
1440,南紡,0.05,55688,-0.979083353,0.015016296,4.15,0,0.01,-2.47,-0.03,1.5257,4.647287961
1441,大東,-0.05,-16205,-0.853226215,-0.015823012,-0.24,0,-0.02,-1.54,-0.01,-0.7815,-2.326225462
1442,名軒,0.04,-310638,-1.612823932,0.147177797,789,0,0.02,-0.39,0.12,3.4399,10.67875776
1443,立益物流,0.01,107628,0.549674595,-0.02929058,-5.38,0,0,0.2,0.01,1.2265,3.72481357
1444,力麗,0.01,-350671,-3.054732956,0.192387775,3.68,0,0,0.43,0.04,4.1175,12.86809492
1445,大宇,-0.01,-132199,4.113290013,-0.006061237,-99.42,0,0,0.54,0.03,1.5934,4.856772259
1446,宏和,0,-193355,11.31638958,-0.00444171,-287.08,0,-0.01,-5.87,-0.01,-1.4629,-4.324810779
1447,力鵬,0.02,-65061,-1.23530284,-0.007361508,2.44,0,0,-1,-0.02,-0.0463,-0.138835699
1449,佳和,-0.01,247205,-4.195431866,0.064490051,1.14,0.000987486,0,-0.5,0,-0.3663,-1.094879644
1451,年興,0.02,399724,1.007483038,0.014203542,28.53,0,0.01,1.03,0.09,-0.4926,-1.47053231
1452,宏益,0.05,-79934,-1.50216423,-0.010442994,-108.87,0,0.03,-0.96,0.01,2.343,7.194975695
1453,大將,-0.01,-44039,3.017423828,-0.002303583,-366.63,0,0,30.81,0,10.7132,35.70573787
1454,台富,0,-1759,-1.2711577,-0.031824548,2.67,0,0,0.63,0,2.0986,6.428847908
1455,集盛,0.06,-294619,-1.476940461,-0.00935511,-14.18,0,0.01,-1.9,0.06,-0.5974,-1.781514718
1456,怡華,0.05,919842,1.756113931,0.12239181,-0.3,0,0,-6.77,-0.01,2.1427,6.566818647
1457,宜進,0.01,510481,1.928295674,0.001702749,0.13,0,0,-0.2,0,0.4119,1.240796837
1459,聯發,0,46375,-4.504761185,-0.028524147,20.04,0,0,-2.03,-0.01,1.7454,5.328124357
1460,宏遠,0.01,-353183,-4.362462751,-0.521661285,27.14,0.76017995,0,-1.18,0.02,1.636,4.988732755
1463,強盛,0.02,-119827,-3.082824912,-0.015420647,-67.08,0,0.01,-4.93,-0.01,-1.7909,-5.277054715
1464,得力,0.01,83361,-0.58126463,-0.566733298,-28.6,0,0,-0.75,-0.02,-0.314,-0.939045216
1465,偉全,-0.02,-207162,6.085610699,-0.029175093,-35.79,0,0,2.2,0.03,-0.4024,-1.202348743
1466,聚隆,0.04,108652,-0.278050207,0.022361121,24.67,0,0.01,-0.78,0.05,0.6755,2.040219831
1467,南緯,-0.01,-176671,1.405978483,-0.026420695,-19.07,0,0,0.12,-0.01,1.7614,5.377822378
1468,昶和,0,-220610,-280.2531646,-0.140237659,-28.39,0,0,-0.28,-0.01,0.4039,1.216600645
1470,大統新創,0.04,-9900,-1.224484706,-0.138230965,46.97,0,0.02,1.09,0.03,-4.2025,-12.08509185
1471,首利,-0.07,-99277,0.062456523,-0.026675945,22.29,0,-0.02,-3.04,-0.05,0.6375,1.924718096
1472,三洋實業,0,-33820,4.258902193,1.819657952,1.58,-0.709618978,0.01,1.61,0.03,3.6121,11.2324308
1473,台南,-0.02,-73815,-0.326167328,-0.03418759,-27.35,0,-0.01,0.05,0.06,0.0207,0.062112856
1474,弘裕,0.03,110940,-0.065327649,-0.050056811,-17.11,0,0.01,-1.52,0.04,1.5767,4.805071452
1475,業旺,0.05,-40234,-2.167522707,0.000329489,-2647.11,0,0.03,4.39,0.19,-3.5898,-10.38742613
1476,儒鴻,0.14,2688824,-0.300612479,0.369558979,40.67,0,0.04,-1.11,-0.02,2.8377,8.756961308
1477,聚陽,0.1,2367824,0.199318445,0.069052276,16.44,0,0.04,-0.73,0.1,-1.2945,-3.833445016
1503,士電,0.03,1246117,-0.161586646,-0.003363341,-5.07,0,0.01,-0.79,-0.01,-1.3168,-3.898609461
1504,東元,0.02,3079482,0.017470058,-0.022063502,1.99,0,0.01,-0.93,0.01,2.7598,8.509996882
1506,正道,-0.01,2244,-1.109287488,-0.051970149,2.75,0,0,-0.38,0.02,-3.893,-11.23023655
1512,瑞利,-0.05,-2786,-0.971199074,-0.014871537,-4.02,0,-0.02,-2.11,-0.02,4.8712,15.33701635
1513,中興電,0.04,2036579,0.505750687,0.239631869,16.34,0,0.01,-1.32,-0.01,3.7608,11.71202763
1514,亞力,0.04,-603160,-2.977619158,-0.014908681,-12.13,0.05,0.01,0.03,-0.01,-0.8586,-2.553747477
1515,力山,0.07,1314770,0.622601924,-0.027622771,0.86,0,0.03,-0.54,0.05,-6.3897,-17.97034005
1516,川飛,0.06,-41325,-2.324901414,0,142.86,0.037488225,0.02,0.06,-0.2,-1.6649,-4.912004732
1517,利奇,0.05,-203543,-1.689403716,-0.019336868,-7.15,0,0.02,-0.02,0.02,1.4107,4.292082975
1519,華城,0.01,-840617,-7.99983346,-0.006096286,-5.78,0,0,-0.34,-0.04,0.8178,2.473518599
1521,大億,0.02,-46920,-1.717244753,-0.02119052,-6.94,0,0,-0.29,-0.05,0.3689,1.110787637
1522,堤維西,0,368677,3.303605823,-0.154498709,-2.14,0,0,-0.72,0,1.5942,4.859249371
1524,耿鼎,0,-9779,-1.457625532,0.101679279,11.88,0,0,-0.91,0,2.2741,6.978621982
1525,江申,0.04,55837,-0.731079688,0.125088605,24.83,0,0.01,-2.26,-0.01,5.6749,18.00911043
1526,日馳,0.08,-104083,-1.54614097,0.05970874,-27.94,0,0.02,-0.75,0.01,2.9359,9.068815866
1527,鑽全,0.07,-40181,-1.110004462,-0.024670459,-79.07,0,0.02,-1.26,0.01,1.0768,3.265309802
1528,恩德,0,373169,35.27931169,-0.03300449,7.41,0,0,0.73,0.04,0.634,1.914084164
1529,樂事綠能,0.04,212044,1.428466719,-0.029843705,254.63,0.416805602,0.02,3.45,-0.01,-2.2639,-6.639103008
1530,亞崴,0.01,472346,4.37080287,-0.054161005,-6.38,0,0,0.26,0.03,-2.0327,-5.974983806
1531,高林股,0.03,-263396,-2.882664074,0.024772858,0.13,0,0.01,0.89,0.01,-0.9852,-2.926577054
1532,勤美,0.02,451998,-0.431617784,-0.031102127,-1.6,0,0.01,-0.38,0.06,4.2327,13.24315568
1533,車王電,0,-127144,-7.108287293,0.197478572,21.29,0,0,-0.77,0,-2.0402,-5.996576735
1535,中宇,0.05,199706,-0.330252431,0.021825203,6.81,0,0.02,-0.23,0.01,1.4921,4.543423068
1536,和大,0.02,766514,1.41591417,-0.029223728,-23.86,0,0.01,2.45,0,2.8594,8.825822944
1537,廣隆,0.09,427021,-0.098935023,0.008687086,154.02,0,0.02,-0.86,-0.14,-0.7247,-2.158382358
1538,正峰,-0.12,-27027,-0.433918398,0.004280994,-6.04,0,-0.05,-0.23,0,5.1141,16.14029599
1539,巨庭,0.02,31903,-0.558228093,-0.042660392,-1.41,0,0.01,0.63,0.04,0.5576,1.68214487
1540,喬福,-0.01,-20261,0.579805068,-0.053408585,-115.98,0,0,0.86,-0.05,0.6858,2.071541904
1541,錩泰,0.04,-488895,-3.372401444,-0.007671035,-18.85,0,0.02,0.31,0.03,-1.1684,-3.464404748
1558,伸興,0.07,475718,-0.13551086,-0.059277362,-22.22,0,0.01,-2.6,-0.09,-1.4306,-4.230694298
1560,中砂,0.05,813734,0.683679318,-0.243678789,-130.02,0.001660273,0.02,0.72,0.01,0.3558,1.071202313
1568,倉佑,0,213226,-101.9115002,-0.017273806,-0.17,0,0,1.17,-0.01,4.581,14.38218032
1582,信錦,0.02,121736,-0.328290102,1.934000679,27.62,0,0.01,-0.44,0.01,0.154,0.462711845
1583,程泰,0.02,767257,1.77542169,0.086049362,-6.57,0,0.01,0.24,0.02,-2.4128,-7.065156521
1587,吉茂,0.03,-5687,-1.064992057,0.174865033,0.21,0.049999541,0.01,-0.89,0,-2.0365,-5.985924637
1597,直得,0.07,502736,1.032135105,-0.067289754,-6.1,0,0.02,-0.39,0,1.5899,4.845935352
1598,岱宇,0.03,-1393073,-4.261434909,0.020120189,-0.15,0.004031648,0.01,-0.41,-0.1,3.7335,11.6238748
1603,華電,0.03,155136,-0.324226373,-0.001340155,-7.2,0,0.01,0.74,0,0.3199,0.962773354
1604,聲寶,0.04,196708,-0.637345113,-0.268698271,-30.17,0,0.01,-1.45,-0.01,-0.4403,-1.315092613
1605,華新,0.06,-3137253,-1.317308378,-0.047447651,-26.77,0,0.03,1.36,0.07,3.5032,10.88207158
1608,華榮,0.05,-160459,-1.267754757,-0.001153319,-25.4,0,0.02,-0.65,0.03,2.2951,7.044533461
1609,大亞,0.03,-3085679,-3.924376255,0.026626773,-11.3,0,0.01,-0.78,-0.01,1.9706,6.029063167
1611,中電,0,212333,10.5567953,-0.00816876,-6.37,0,0.01,0.85,0,4.3244,13.54229988
1612,宏泰,0.05,-559108,-2.478085469,-0.073415137,11.04,0,0.02,-1.3,0.04,0.4959,1.495089699
1614,三洋電,0.04,249637,-0.114159286,0.018696601,52.66,0,0.02,0.65,0.03,-0.6359,-1.89559465
1615,大山,0.09,564056,0.811843914,-0.017901372,0.59,0.120000325,0.01,-2.29,-0.05,0.9337,2.82733527
1616,億泰,0.02,-105082,-3.092641641,-0.005688814,-1.2,0,0,-0.51,0.01,-3.1408,-9.129559542
1617,榮星,0.05,-140795,-1.794150826,-0.063590404,-20.88,0,0.01,-0.75,-0.04,1.9773,6.049964527
1618,合機,0.04,-167662,-1.94548551,0.100984969,-418.7,-0.200000249,0.01,-0.47,-0.07,-1.4392,-4.255759202
1701,中化,0.03,575754,0.587699995,-0.070887347,5.55,0,0.01,-0.66,-0.01,-0.2412,-0.72185608
1702,南僑,0.03,601969,-0.337765691,0.326640622,27.5,0,0.01,-1.17,-0.01,-0.0055,-0.016499093
1707,葡萄王,0.1,1170776,-0.100225333,0.013079107,-15.09,0,0.04,0.4,0.03,-1.6292,-4.808403658
1708,東鹼,0.03,492105,0.482404719,-0.025464226,6.13,0.090000127,0.01,2,0.02,-1.0671,-3.167260439
1709,和益,0.07,416279,-0.480459136,-0.144425466,-15.46,0,0.02,-0.12,-0.02,0.5251,1.583586379
1710,東聯,0.03,2590807,1.162891829,-0.028406104,-11.2,0,0.01,-0.23,0,1.1913,3.616644939
1711,永光,0.03,520024,0.28885342,0.092201923,15.73,0,0.01,0.15,-0.02,-1.1808,-3.500735978
1712,興農,0.05,935366,0.268169074,-0.013577724,4.96,0,0.01,0.32,-0.02,1.25,3.797070312
1713,國化,0.04,-54136,-1.535416873,-0.002075906,-611.92,0,0.02,-1.43,0.01,0.4183,1.260156566
1714,和桐,0.06,2119278,0.593341473,-0.004746685,45.14,0,0.02,-1.61,0.03,-1.3931,-4.121348534
1717,長興,0.05,167783,-0.940099128,-0.026877044,-16.76,0,0.01,-0.6,0.02,-1.0862,-3.22333324
1718,中纖,0,-4792746,-2.660020345,-0.009781676,0.17,0,0,0.95,0,1.2517,3.802298697
1720,生達,0.07,557366,0.021806842,-0.010369371,17,0,0.03,0.49,0,2.598,7.998241667
1721,三晃,-0.03,36279,-1.335391841,-0.059659567,-16.91,0,-0.02,-1.87,-0.02,-1.1187,-3.318695313
1722,台肥,0.03,2164478,0.02298466,-0.003917534,-93.33,0,0.01,-2.69,0.01,2.9264,9.038620624
1723,中碳,0.07,1010300,0.168790303,0.303101729,40.15,0,0.03,-0.01,0.06,2.9482,9.107919038
1725,元禎,0.03,-95850,-1.414117586,0.015859902,16.71,0,0.02,-0.27,-0.02,-0.8211,-2.443129203
1726,永記,0.07,355675,-0.492447539,-0.003224778,-108.36,0,0.02,-0.26,0.01,-0.5429,-1.619873789
1727,中華化,0.03,310488,4.037609112,-0.038823072,0.83,0,0.01,-1.19,0.03,1.549,4.719353697
1730,花仙子,0.09,246151,0.069919371,-0.007030346,92.26,0,0.04,-0.67,0.07,0.1573,0.472642688
1731,美吾華,0.06,162632,0.123979736,0.024774339,-31.16,0,0.02,0.72,0.02,2.537,7.805723977
1732,毛寶,0.02,15207,-0.059205642,-0.016649495,-41.45,0,0,-0.88,-0.04,12.0587,40.71381564
1733,五鼎,0.05,136408,0.218156976,0.018813242,19.51,0,0.03,0.98,0.02,1.3652,4.151767573
1734,杏輝,-0.03,55074,-1.340895164,-0.00915295,-9.45,0,-0.02,0.64,0,-0.3592,-1.073733895
1735,日勝化,0,-224893,-23.04617194,-0.053201706,-23.26,0,0,-0.29,-0.05,0.5442,1.641500726
1736,喬山,-0.01,-4066085,8.985645628,-0.033400219,-6.89,0,-0.02,-2.63,-0.01,0.5353,1.614511722
1737,臺鹽,0.04,148348,-0.534349084,-0.088279694,-31,0,0.01,-2.41,0.03,0.5927,1.78865962
1752,南光,0.05,410880,1.729954554,0.016015865,-6.55,0,0.02,-0.32,0.01,0.7949,2.403706207
1760,寶齡富錦,0.04,331351,2.128166155,-0.657027323,21.58,0.1172805,0.02,0.26,0.03,19.0997,68.93981047
1762,中化生,0.07,102317,-0.668405923,0.448075419,-52.57,0,0.01,-1.55,-0.01,2.1617,6.626298558
1773,勝一,0.12,870395,-0.275857823,-0.015822355,-2.95,0.111111111,0.04,-1.82,0.05,1.9797,6.057452249
1776,展宇,0.03,114295,1.066630504,-0.042210733,-9.82,0,0.01,-0.55,0,-1.1481,-3.404907327
1783,和康生,0.06,71676,-0.029950331,-0.068740534,194.04,0.108460376,0.02,-1.38,-0.02,5.7964,18.41662248
1786,科妍,0.03,82233,0.077645856,0.000233554,-14.34,0,0.01,-2.11,0,-1.3529,-4.004037474
1789,神隆,0.02,330925,0.734862385,-0.004140116,541.35,0,0,-4.29,0,1.0649,3.228841121
1795,美時,0.06,-197385,-1.171078291,-0.172392503,-46.18,0,0.02,0.59,-0.01,10.4336,34.68018045
1802,台玻,0.09,6540373,-0.237050428,-0.026761049,7.5,0,0.03,2.29,-0.01,-1.4986,-4.428762497
1805,寶徠,-0.02,-73272,1.693922571,10.17120579,79.04,0,0,7.23,-0.01,-1.0574,-3.138775385
1806,冠軍,0.05,-86124,-1.164957537,-0.731434647,9.72,0,0.07,3.13,0.02,-0.8508,-2.530745767
1808,潤隆,0.03,987474,-0.078323559,-0.240446974,-10.09,0,0.01,0.43,-0.04,0.3692,1.111694292
1809,中釉,0,-10706,-1.660456508,-0.073253186,-37.07,0,0,0.23,0.01,-2.4963,-7.303510162
1810,和成,-0.02,8502,-1.042349074,-0.009780154,58.89,0,-0.02,-0.16,-0.02,-2.7597,-8.052723449
1817,凱撒衛,0.06,97267,-0.392358486,0.176622236,14.71,0,0.02,0.09,-0.03,-0.416,-1.242815519
1903,士紙,0.01,240247,1.147248092,-0.001931977,-150.2,0,0,-2.58,0,-2.3727,-6.950544601
1904,正隆,0.05,2277122,-0.248097147,-0.041009465,-15.87,0,0.01,-2.61,0,-0.4306,-1.286245493
1905,華紙,0.02,409521,-0.3941289,-0.315486326,-7.82,0,0,-1.61,-0.02,1.0561,3.201878208
1906,寶隆,0.01,424902,2.047749525,-0.014001841,6.21,0,0,-10.14,0.08,-0.3004,-0.898495506
1907,永豐餘,0.05,7183197,0.023560482,-0.050569473,-0.7,0,0.01,-1.85,-0.03,-1.7203,-5.072626148
1909,榮成,0.03,3218110,0.573157128,-0.155320496,-3.75,0,0.01,-1.03,0.04,-0.1982,-0.593422281
2002,中鋼,0.07,48826831,-0.020709085,-0.103690127,3.32,0,0.03,1.4,0.03,2.9847,9.224011923
2006,東和鋼鐵,0.08,-1677018,-1.384375146,-0.032323046,-19.13,-0.330000035,0.02,0.03,-0.01,1.9459,5.952032625
2007,燁興,0,130408,2.088626782,-0.09070276,3.34,0,0,0.59,0.01,8.0312,26.08040658
2008,高興昌,0.01,-18113,-1.328140003,0.000155702,1.3,0,0.01,2.07,0.03,0.3032,0.912360695
2009,第一銅,0.04,-129418,-1.394303803,0,-15.92,0,0.03,-1.63,0.06,0.3058,0.920208269
2010,春源,0.04,-2127904,-3.235050065,0.100148396,1.98,0,0.01,-0.07,0.04,3.3123,10.26967397
2012,春雨,0.05,2084,-0.99670875,-0.019988752,-6.91,0,0.02,-0.25,0.04,1.3512,4.108618937
2013,中鋼構,0.02,355698,0.544203452,-0.007337502,0.22,0,0.01,-0.06,0.05,-1.0346,-3.071798828
2014,中鴻,0.15,3624823,-0.2928731,-0.184396595,-37.34,0,0.03,-1.58,0.07,1.0995,3.334899926
2015,豐興,0.11,349381,-0.875772906,-0.04718504,-28.09,0,0.05,0.74,0.08,-0.5568,-1.661116475
2017,官田鋼,0.05,-500554,-1.97895235,-0.111551833,-15.18,0,0.01,-0.01,-0.03,4.4426,13.92866907
2020,美亞,0.06,200880,-0.571172402,-0.02286411,-2.56,0,0.02,-0.68,0.05,-0.123,-0.368546316
2022,聚亨,0.07,458867,-0.224051894,-0.391569347,28.66,0,0.02,-0.2,-0.12,1.9503,5.965751932
2023,燁輝,0.04,-2389154,-1.672132088,-0.050904894,-2.12,0,0.02,0.73,0.03,5.8643,18.64476777
2024,志聯,0.06,273958,1.399520022,-0.171193161,-1.35,0,0.02,0.59,0,-0.8987,-2.671942734
2025,千興,0.08,344027,1.319522917,-0.000369522,13.19,0,0.07,6.22,0.36,1.9,5.8089859
2027,大成鋼,0.09,12620971,0.294962072,0.102420314,4.58,0,0.04,2.38,0.01,3.5342,10.98173151
2028,威致,0.15,-386901,-1.316155255,-0.028378142,10.57,0,0.05,2.09,0.01,-0.6266,-1.868045775
2029,盛餘,0.09,-835393,-1.865569344,0.004478135,-17.89,0,0.03,-0.07,0,0.9466,2.866766367
2030,彰源,0.06,-32865,-1.042825255,0.021593232,2.1,0,0.03,1.55,0.02,-0.4133,-1.234782553
2031,新光鋼,0.07,538119,-0.694782618,0.060421974,-6.44,0.005616361,0.03,1.81,0.01,4.5967,14.43370219
2032,新鋼,0.07,272226,0.636376751,-0.005472543,69.64,0,0.02,0.01,-0.01,6.5207,20.86541156
2033,佳大,0.01,-99656,-10.45413149,-0.007796287,-23.65,0,0,-0.45,0,-1.2594,-3.730817101
2034,允強,0.05,-2205968,-3.534593218,-0.098053702,-37.32,0.016541277,0.02,1.73,0.04,0.1885,0.566566637
2038,海光,0.04,1100073,2.491441775,-0.000941741,-3.79,0,0.01,-0.69,-0.02,-0.7352,-2.189424168
2049,上銀,0.05,5920409,1.130805504,-0.008335577,8.95,0.030000033,0.02,1.49,0.02,-2.104,-6.180126922
2059,川湖,0.1,933926,-0.353389091,0.053531922,-182.74,0,0.04,1.28,0.03,2.02,6.183236241
2062,橋椿,0.02,-725337,-3.380550259,-0.113690688,21.25,0.226851403,0.01,0.05,0.06,1.5079,4.592255733
2069,運錩,0.05,-1138924,-3.264685647,0.027544269,4.52,0,0.02,0.35,0.1,-0.0256,-0.076780341
2101,南港,-0.02,-2035146,1.787947615,0.215825511,-0.68,0,-0.01,-2.92,0,-6.4126,-18.03052637
2102,泰豐,-0.13,-699748,-0.556121106,-0.013241411,139.2,0,-0.04,-3.23,-0.01,-1.5373,-4.54136457
2103,台橡,0.09,1217868,-0.561899232,-0.025374532,20,0,0.02,-2.87,-0.03,-5.453,-15.48315834
2104,國際中橡,0.02,-174220,-1.138484822,0.004140485,-39.59,0,0.01,-0.24,0,2.3154,7.108273619
2105,正新,0.03,8636878,0.918756179,-0.014419661,-9.07,0,0.01,-1.32,-0.02,0.7422,2.24316671
2106,建大,0.03,-1184691,-1.900194447,0.057540066,15,0,0,-2.25,0,-0.2745,-0.821241561
2107,厚生,0.04,1461539,1.550901475,0.035562859,-627.17,0,0.02,-3.17,-0.02,0.2097,0.630420145
2108,南帝,0.34,7328026,0.077144941,-0.03733751,68,0,0.06,-3.5,-0.19,-3.795,-10.95840482
2109,華豐,0.05,201829,-0.540409883,0.065302743,3.81,0,0.01,-2.11,-0.01,0.2981,0.896968557
2114,鑫永銓,0.09,321205,0.049785601,0.00022901,-118.07,0.100000564,0.04,-0.06,0.08,-1.2567,-3.722919623
2201,裕隆,0.02,-13986195,-3.505367226,-0.052239299,-0.64,0,0.01,0.32,0,0.1334,0.400734104
2204,中華,0.07,4104025,0.143558966,0.040819702,82.76,0,0.02,-1.28,0.03,0.5325,1.606021787
2206,三陽工業,0.03,-661257,-1.422617549,0.044526326,-2.58,0,0.01,-0.51,0.01,-1.7241,-5.083636868
2207,和泰車,0.05,-6069860,-1.401097778,0.04711713,1.27,0,0.01,0.27,-0.04,1.9415,5.938314501
2208,台船,0,-705744,-63.90053476,-0.00390311,0.07,0.000156176,0,-0.38,0.01,0.9351,2.831614127
2211,長榮鋼,0.04,702211,-0.434347202,0.020068614,-34.37,0,0.02,0.12,0.05,5.8532,18.60745154
2227,裕日車,0.09,526400,-0.762592861,0.023488632,5.35,0,0.03,-0.63,-0.03,0.2067,0.62138263
2228,劍麟,0.03,166322,-0.10926764,0.013196181,0.89,0,0.01,-0.63,-0.01,0.6933,2.094353271
2231,為升,0.05,507943,0.251787941,-0.025074861,-9.07,0,0.01,-0.1,-0.04,2.6065,8.025086082
2233,宇隆,0.09,499581,0.179172046,0.073177929,12.34,0,0.03,0.83,0,5.1169,16.14957738
2241,艾姆勒,-0.02,-178566,2.379371688,0.554932975,-200.56,0,-0.01,-2.86,0,-2.2247,-6.526722366
2247,汎德永業,0.05,4560935,4.03706342,-0.022824947,-59.36,0,0.01,0.19,-0.11,-1.6301,-4.811016374
2301,光寶科,0.04,9204794,0.239394925,0.122040962,-7.55,0,0.02,0.19,0.01,0.0894,0.268439842
2302,麗正,0.03,26058,-0.5870888,-0.029185887,6.68,0,0.01,1.57,0.01,-0.2371,-0.709614841
2303,聯電,0.08,63529695,0.758324244,-0.101960407,5.78,0,0.04,2.82,0.02,-7.4179,-20.64375996
2305,全友,0,-34667,-22.95503483,0.000278675,-62.17,0,0,-0.31,0,2.6093,8.033929923
2308,台達電,0.06,23050350,0.062028723,0.175879252,20.94,0,0.02,-0.56,0.01,-4.0712,-11.7231078
2312,金寶,0.01,-3971220,-4.781358014,-0.00754461,-0.75,0.000891685,0,0.17,-0.01,0.1883,0.565964374
2313,華通,0.04,7547481,1.416288789,0.048385827,3.26,0,0.02,0.72,0.07,1.4799,4.505727234
2314,台揚,-0.05,-889495,1.933564854,-0.024922885,-25.15,0,-0.02,0.69,-0.04,6.5473,20.95598052
2316,楠梓電,0.03,-320974,-1.858579671,0.05068888,-4.62,0,0.01,0.81,0.02,2.7455,8.464702602
2317,鴻海,0.03,-129284103,-2.389988733,0.115533044,-2.6,0,0.01,0.13,-0.03,-0.9731,-2.890984437
2321,東訊,0.01,16644,0.24758264,-0.016366029,1.62,0,0,-0.86,0.01,-0.603,-1.798113656
2323,中環,-0.01,-1328939,7.013138774,-0.13827589,-74.18,0,0,-0.87,0.01,8.6211,28.15707587
2324,仁寶,0.02,-24663965,-3.945621767,-0.193147852,-3.67,0,0,-0.11,0.03,-1.1699,-3.46880014
2327,國巨,0.08,18949441,-0.037588142,0.085444666,11.18,-0.005943267,0.03,0.46,0,2.3172,7.113926676
2328,廣宇,0.03,-119327,-1.149986111,-0.036889511,-3.96,0,0.01,-0.23,0.1,0.0322,0.096631109
2329,華泰,0.06,2264950,1.258076415,0.058561173,11.58,-0.000088,0.02,0.15,-0.01,2.5166,7.741392099
2330,台積電,0.13,733961405,0.685377619,0.326481643,17.46,0,0.04,0.04,0,-1.4469,-4.278197323
2331,精英,-0.01,-1680888,4.997602227,0.019080275,-2.05,0,0,0.64,0.05,-0.3109,-0.929803241
2332,友訊,-0.01,-1455508,10.72822575,-0.027100223,-19.54,-0.079999865,0,-1.53,0.05,-1.869,-5.502858042
2337,旺宏,0.08,9073244,0.57353917,-0.143897648,-11.29,-0.0000152,0.04,2.49,0.06,6.796,21.80495622
2338,光罩,0,-1672264,343.7256236,0.651112632,52.69,0,0.01,-0.02,-0.08,3.7704,11.74303745
2340,台亞,0.05,1175639,0.746274288,-0.000461677,80.05,0.158469062,0.02,0.84,0,-7.245,-20.19832827
2342,茂矽,0.03,57612,-0.529052088,0.741170866,-110.67,0,0.02,3.55,-0.02,-1.875,-5.52019043
2344,華邦電,0.08,18354981,0.693005294,-0.032616398,-3.97,0,0.04,1.72,0.04,7.6717,24.8259012
2345,智邦,0.09,382460,-0.872973677,-0.02155077,19.76,0.0000161,0.04,0.16,0.15,-0.8879,-2.640119007
2347,聯強,0.02,6062761,0.365105466,2.967099445,11.13,0,-0.01,-0.04,-0.01,-0.7988,-2.377308527
2348,海悅,0.06,-4596257,-4.703722775,0.20151636,110.8,0.100000413,0.01,1.37,-0.04,3.8381,11.96188426
2349,錸德,-0.01,418181,-3.464454725,-0.02048078,-9.75,0,0,-1.21,0.01,3.8041,11.85194028
2351,順德,0.06,328147,-0.527956753,0.100658205,-9.85,0,0.02,-0.3,0.01,8.7703,28.6859044
2352,佳世達,0.03,-3341250,-1.621422924,-0.039514589,-0.56,0,0.01,-0.07,0.03,0.3803,1.145244343
2353,宏碁,0.04,-5140683,-1.633984034,0.371741721,7.71,0,0.01,-0.1,0.04,-0.8809,-2.619488812
2354,鴻準,0.02,-1466456,-1.388903107,0.278593455,-19.15,0,0.01,-1.49,0.08,-0.1886,-0.564733572
2355,敬鵬,0.02,-248321,-1.699734276,-0.016273469,-3.09,0,0.01,-0.33,0.02,-1.85,-5.447958162
2356,英業達,0.01,-12526843,-5.825044401,0.024603505,-1.55,0,0,-0.18,0.05,-1.0084,-2.994796424
2357,華碩,0.07,3819850,-0.883520565,-0.004703671,8.69,0,0.03,-1.04,0.06,0.1288,0.386897897
2358,廷鑫,0.02,-498232,-6.980099622,-0.025518511,-17,0,0.01,1.35,0.08,-0.0058,-0.017398991
2359,所羅門,0.01,-444038,-8.448552353,-0.047134347,-7.87,0,0,0.03,-0.02,7.1084,22.8769988
2360,致茂,0.07,1303419,-0.35051887,-0.003845744,17.78,0,0.03,0.76,0,1.381,4.200478209
2362,藍天,0.01,-1043692,-2.090089478,0.028254183,5.31,0,0,-1.05,0.02,-0.1764,-0.52826704
2363,矽統,0.01,-270675,-2.020702528,-0.273849607,-1115.21,0.08,0.02,3.47,0,-0.5858,-1.747125253
2364,倫飛,0.02,7686,-0.566888313,-0.083744485,-0.32,-0.873423879,0.01,-0.8,0.06,-4.3169,-12.39967604
2365,昆盈,0.01,-129590,-4.558405184,-0.005390571,-28.82,0,0.01,3.21,0.01,0.4105,1.236562225
2367,燿華,0,-107393,-2.421934168,0.010513575,-6.33,0,-0.03,-2.12,0.01,-1.6541,-4.880671165
2368,金像電,0.09,1685621,-0.192173633,-0.067055337,-5.75,0,0.03,-0.09,0.05,-3.5195,-10.19125316
2369,菱生,0.06,704938,0.316693594,0.112124783,3.58,0,0.02,1.16,0.01,0.0438,0.131457562
2371,大同,0,3023889,-13.71337518,-0.054022839,-3.38,0,0,-0.12,0.02,3.6764,11.4396465
2373,震旦行,0.06,790916,-0.223200009,0.010092269,-19.8,0,0.02,-0.25,0.01,1.2266,3.725120975
2374,佳能,-0.05,-578709,0.3717189,-0.043419984,20.53,0.018977358,0,3.02,0.07,-9.65,-26.24618821
2375,凱美,0.05,319771,-0.63108894,-0.056901985,-1.11,0,0.02,-0.65,0.01,2.1232,6.505796481
2376,技嘉,0.16,-1957894,-1.203192537,0.005299259,20.4,0,0.06,-0.78,0.03,-2.9627,-8.627372798
2377,微星,0.13,4866267,-0.617904413,-0.043145543,8.73,0,0.04,-0.38,0.03,-4.7452,-13.57077704
2379,瑞昱,0.12,14562787,0.195205043,-0.003428707,6.73,0,0.04,1.81,0.02,-0.8447,-2.512754728
2380,虹光,-0.03,-297283,2.574401828,-0.030664103,4.51,0.055727661,-0.02,-0.76,-0.03,-2.3155,-6.786895257
2382,廣達,0.04,-31573344,-2.286244209,0.036227574,0.19,0,0.01,0.11,-0.04,-0.3811,-1.138948419
2383,台光電,0.11,2347819,-0.414424281,0.175019809,13.41,0,0.05,1.7,0.06,-5.1621,-14.7006373
2385,群光,0.06,2871820,-0.412324083,-0.011063067,3.63,0,0.02,0.11,0.01,-1.1241,-3.334534017
2387,精元,0.04,786995,-0.08238744,0.033588491,0.25,0,0.01,0.15,0.02,0.3662,1.102627984
2388,威盛,-0.06,-1716171,0.498123604,0.001748775,-44.57,0,-0.01,-0.6,0.02,0.513,1.546908571
2390,云辰,-0.07,-70749,-0.740793933,-0.133522574,227.6,0,0,-0.85,0,-0.1855,-0.555468331
2392,正崴,0.01,-5111887,-7.22200462,0.076679569,-6.34,0,0.01,-0.03,0,1.9548,5.979784268
2393,億光,0.05,3156276,0.861753859,-0.074015476,-9.69,0,0.02,0.35,0.01,1.4622,4.451053488
2395,研華,0.11,7379168,0.24515747,-0.015962067,38.79,0.000115189,0.05,-0.47,0.08,-0.1617,-0.484316016
2397,友通,0.03,-707228,-3.044969032,-0.261000732,-19.56,0,0.01,-1.59,0.11,1.1608,3.522980112
2399,映泰,0.04,1325,-0.9893623,-0.000380351,2.93,0,0.02,0.05,0.03,-2.5349,-7.413557315
2401,凌陽,0.05,821938,0.157445598,-0.043510033,47.21,0,0.02,1.21,0,1.6087,4.904153789
2402,毅嘉,0.02,339208,1.386419119,-0.164529298,-0.56,0,0.01,0.47,-0.01,0.0202,0.060612242
2404,漢唐,0.08,3153223,0.71256055,0.092216042,7.85,0,0.03,0.81,0.03,2.0858,6.388824289
2405,輔信,0.01,52801,1.524793191,0.308148983,25.34,0,0.01,-0.64,0.03,-1.1835,-3.508645602
2406,國碩,0,846733,-104.5632339,-0.067561502,-14.42,0,-0.01,-0.98,-0.02,3.3359,10.34525913
2408,南亞科,0.09,30135359,0.838140806,-0.022101919,6.33,0.0000232,0.04,4.71,0.02,2.8379,8.757595845
2409,友達,0.12,73323180,0.433311198,-0.36484556,-21.39,0,0.05,0.73,0.04,3.6499,11.35421541
2412,中華電,0.06,47978637,0.738802013,0.048144254,23.42,0,0.02,0.06,0.01,0.4264,1.284662261
2413,環科,0,-149502,128.7760417,-0.04803371,-6.68,0,0,0.31,-0.02,3.1997,9.909518281
2414,精技,0.05,446642,-0.039303959,-0.001132142,-17.11,0,0.01,-0.53,-0.04,1.0422,3.159298627
2415,錩新,0.03,38396,-0.836832868,-0.136135063,2.14,0,0,-2.74,-0.07,-0.2467,-0.738275675
2417,圓剛,0.05,161820,-0.492491814,0.005121537,-97.88,-0.199999689,0,-1.98,-0.02,-2.6363,-7.702229918
2419,仲琦,0.01,-759865,-6.856287379,-0.072378178,14.24,0,0.01,1.21,0,-1.4079,-4.164513599
2420,新巨,0.07,663445,0.539826439,-0.010181596,-74.29,0,0.03,0.52,0,-0.6799,-2.025863509
2421,建準,0.02,104863,-0.595476534,-0.097062792,-14.46,0,0.01,0.18,0.04,-0.8224,-2.44696537
2423,固緯,0.06,253489,0.295307055,-0.301058911,16.39,0,0.03,-0.67,0.05,0.411,1.238074573
2424,隴華,-0.32,-88661,-0.454749517,-0.044095729,26.46,0.148011101,-0.08,89.91,0.01,19.5322,70.78697189
2425,承啟,0.06,295035,0.59387915,0.582975372,5.78,0,0.02,-0.31,0.18,1.7915,5.471359144
2426,鼎元,0.03,52227,-0.746408091,-0.038365272,6.54,0,0.02,0.78,0,-4.6805,-13.3945412
2427,三商電,0.02,-162479,-2.553782155,0.067148311,1.23,0,0.01,2.03,-0.01,-1.5013,-4.436621328
2428,興勤,0.1,1050605,-0.139910078,0.06416609,-84.48,0,0.03,-0.9,-0.01,1.2011,3.646752512
2429,銘旺科,-0.01,-44125,2.78365632,0.017754793,-12.52,0,-0.01,-0.11,-0.01,-0.3462,-1.035008516
2430,燦坤,0.03,2138713,3.704045274,0.06974902,0.64,0,0.01,-0.08,0,0.4986,1.503270454
2431,聯昌,-0.02,-135596,1.798621287,0.518786185,47.97,0,-0.01,-1.22,-0.04,-1.0249,-3.043295057
2433,互盛電,0.06,1143820,1.571005997,0.0286744,-22.72,0,0.03,-0.44,0,0.981,2.971965238
2434,統懋,-0.02,2735,-1.169014955,-0.063437052,-437.53,0,-0.02,-8.8,0,-0.809,-2.407418518
2436,偉詮電,0.06,151247,-0.455103217,-0.053365356,3.34,0,0.03,1.44,0.03,2.9703,9.178201064
2438,翔耀,0.01,45470,3.031028369,-0.040134218,35.33,0,0.01,0.29,0.01,2.0424,6.253193899
2439,美律,0.02,2259592,2.487460624,1.381150905,25.35,0.006554669,0.01,2.12,-0.01,0.0772,0.231778841
2440,太空梭,0.03,-202585,-3.427359542,-0.278881232,16.71,0,0.01,0.48,-0.02,-5.7337,-16.23369025
2441,超豐,0.14,5221367,0.52841105,-0.009818734,41.34,0,0.06,1.16,0.06,-0.4439,-1.325797331
2442,新美齊,0.04,-74369,-1.17179534,-0.394959186,-17.77,0,0,-0.23,-0.06,3.488,10.83322787
2443,昶虹,-0.18,664,-1.006173184,-0.018197668,2.67,0,-0.03,-3.19,-0.14,11.7771,39.65565101
2444,兆勁,-0.01,-69101,6.244050739,-0.036591898,5.11,0,0.01,-0.33,0.04,-1.3793,-4.081088353
2449,京元電子,0.05,8777925,1.58937292,-0.011306191,34.46,0,0.02,1.91,0.03,0.9558,2.894893927
2450,神腦,0.04,683518,0.568392503,0.013791041,-24.45,0,0.01,0.13,-0.17,-1.0475,-3.10969725
2451,創見,0.09,1564176,-0.205914157,-0.094684023,294.97,0,0.03,0.56,0,1.2949,3.935220105
2453,凌群,0.03,-389346,-4.01701666,-0.011495935,-24.59,0,0.01,0.34,0.01,-1.5928,-4.70269374
2454,聯發科,0.12,22357984,-0.691847623,0.07865623,8.66,0.005297309,0.05,0.4,0.05,0.7274,2.19811181
2455,全新,0.14,841201,0.26822506,0.000860238,-32.6,0,0.05,-0.24,0.03,-0.0065,-0.019498733
2457,飛宏,-0.03,-956637,2.239970738,-0.259071164,-15.23,0,0,0.8,0.07,-0.0158,-0.047392511
2458,義隆,0.22,3542276,-0.024812755,0.000843314,40.59,0,0.1,0.65,0.1,2.0832,6.380695718
2459,敦吉,0.05,308717,-0.345989827,-0.300541534,-3.53,0,0.02,1.37,0.02,0.3403,1.024378064
2460,建通,0.04,-120899,-1.527768077,-0.076197017,0.43,0,0.01,-0.69,-0.02,4.8217,15.1737736
2461,光群雷,0.02,293300,0.757961173,-0.005621104,12.06,0.031382473,0,-0.27,0.01,1.7712,5.408270135
2462,良得電,-0.03,-99406,-0.245649848,-0.060277425,-11.33,0,0,1.3,0,-3.7179,-10.74415576
2464,盟立,0.04,3265,-0.992267815,0.007028042,-15.3,0,0.01,-0.68,0.01,1.5112,4.60245688
2465,麗臺,0.18,23997,-0.932211481,0.417662901,6.01,0,0.03,-1.63,-0.34,-4.4672,-12.81183841
2466,冠西電,0.01,-136976,-7.277255854,0.003883132,2.6,0,0.01,-1.68,0.13,0.0164,0.049208069
2467,志聖,0.07,371603,-0.308689311,0.252743675,-3.9,0.020000603,0.02,-0.37,-0.02,0.0247,0.074118304
2468,華經,0.02,109068,2.362663789,-0.041538096,31.61,0,0.01,0.05,0.03,0.7491,2.26417656
2471,資通,0.05,-43782,-1.761108407,-0.024062492,-4.4,0,0.05,9.37,0.07,-0.2716,-0.812589007
2472,立隆電,0.08,-30343,-1.028463311,0.494361083,-12.97,0.006008022,0.03,0.35,0.03,-1.5542,-4.590509294
2474,可成,0.02,4898357,-0.046447732,-0.138974867,2.4,0,0.01,1.04,-0.01,-5.0744,-14.46378028
2476,鉅祥,0.07,132493,-0.786516474,0.050912016,-15.97,0,0.03,0.37,0.04,-3.0432,-8.85458634
2477,美隆電,-0.1,-238192,-0.74394207,-0.019181398,-86.97,0,0.01,0.3,0.01,1.2957,3.937682682
2478,大毅,0.08,989498,0.308492857,0.308256637,-2.84,0,0.02,-0.2,-0.01,1.7522,5.349244106
2480,敦陽科,0.07,167862,-0.594461785,-0.0183253,10.13,0,0.03,-0.85,0.04,4.2302,13.23500753
2481,強茂,0.07,1931225,0.286441316,0.052732003,2.01,0,0.03,1.76,0,-0.6871,-2.047169246
2482,連宇,-0.01,37251,-4.090343454,1.378974848,309.66,0,0.01,0.5,0.02,-3.1037,-9.025101169
2483,百容,0.03,-175881,-2.20236671,-0.015943132,-10.03,0,0,-0.47,0.03,-1.2376,-3.667039945
2484,希華,0.06,269334,-0.109939789,0.150321573,-16.37,0,0.02,2.16,0.01,2.9084,8.981423871
2485,兆赫,-0.03,-595555,1.340475283,0.050574945,-26.84,0,0,1.37,0.04,-0.6366,-1.897668012
2486,一詮,0.05,-191479,-1.511524591,0.652909988,41.27,0.099030197,0.01,0.66,-0.03,-3.9389,-11.35736318
2488,漢平,0.02,-215707,-3.673843789,-0.001198249,-35.13,0,0.01,-0.13,-0.01,0.0016,0.004800077
2489,瑞軒,-0.05,-625372,-0.523151883,-0.003533152,-20.21,-0.060988779,0.01,0.31,0.11,-0.5953,-1.775289634
2491,吉祥全,0.02,-63380,-2.821002729,0.134722584,-590.83,0,-0.16,-32.27,-0.37,0.3412,1.027096495
2492,華新科,0.08,9230449,0.196839383,0.127623194,15.54,0,0.03,0.15,0,-1.4245,-4.212913052
2493,揚博,0.06,255752,0.104211731,-0.010379454,40.77,0,0.02,-0.51,0.04,2.4707,7.596738959
2495,普安,0.02,-1116,-1.009883716,0.021455179,-29.31,0,0.02,0.2,0,-0.945,-2.808293641
2496,卓越,0.04,73821,0.567990654,-0.007303585,-1.85,-0.004430452,0.02,0.34,0.04,0.2025,0.608731018
2497,怡利電,0,-181621,-47.58143114,-0.108481041,-7.21,0,0,0.25,0.02,-1.3835,-4.093342644
2498,宏達電,-0.06,-3271946,0.210296568,0.060282966,-7.34,0.000610309,-0.02,0.76,0,-0.7686,-2.288123026
2501,國建,0,-4894820,20.26777086,0.094753794,4,0,0,0.39,0.01,-0.0001,-0.0003
2504,國產,0.06,2510911,0.308779768,-0.030786913,-25.34,0,0.02,0.63,0.01,-1.8709,-5.508346861
2505,國揚,0.05,682667,-0.191701605,-0.089215788,-10.8,0,0,-0.23,-0.11,0.4402,1.326421811
2506,太設,0.01,209704,0.353811193,-0.034041,1.15,0,0,0.43,-0.04,0.1229,0.369153318
2509,全坤建,0.01,139837,1.38678569,-0.002112204,-46.23,0,0,-1.92,-0.03,0.2429,0.730471445
2511,太子,0.01,3076041,3.487249583,-0.005280566,-37.44,0,0.01,-1.05,-0.01,0.3417,1.028606756
2514,龍邦,0.01,850333,1.892495722,-0.116424356,-5.13,0,0.01,0.32,0.01,0.2837,0.853516854
2515,中工,0.01,-619705,-3.206093853,0.041203447,-6.94,0,0,0.83,0.02,0.047,0.14106628
2516,新建,0.01,-1051239,-17.29701574,0.069026679,0.45,0,0,-0.23,0.12,6.7834,21.76184895
2520,冠德,0.05,5810757,1.058764215,-0.010432777,-7.56,0.1,0.01,1.3,-0.06,0.9747,2.952693803
2524,京城,0.03,393423,-0.633054674,-0.00216366,12.6,0.001524543,0.01,0.57,-0.03,-0.2445,-0.731708054
2527,宏璟,0.08,1448764,0.012364882,-0.005617887,16.41,0,0.06,3.07,0.14,4.4505,13.95452359
2528,皇普,0.01,-3547067,-22.5079342,-0.316446815,-63.1,0,0,-0.23,-0.04,-0.0047,-0.014099337
2530,華建,-0.01,-6530651,67.94763458,-0.002028893,41.67,0.384059606,0,0,0,-0.3396,-1.015344072
2534,宏盛,0.02,814645,0.414822688,-0.154904307,-4.94,0,0.01,-1.21,0.01,4.3938,13.76904679
2535,達欣工,0.04,1284065,0.555705114,1.84323987,28.27,0.001950137,0.01,-0.78,-0.03,1.364,4.148068652
2536,宏普,0,-2699320,38.00413259,0.060751655,-7.38,0,0,0.17,-0.01,0.6776,2.046605364
2537,聯上發,0.03,526934,0.466149137,-0.001121259,8.54,0,0.03,0.04,0.17,2.3585,7.243687588
2538,基泰,-0.01,-185107,0.418922855,-0.006496074,-3.39,0,0,6.86,0,1.9915,6.094272011
2539,櫻花建,0.02,-1930244,-6.703879034,0.088624795,16.45,0.14101042,0.02,-4.63,0.12,-0.2697,-0.806919819
2540,愛山林,0.03,-1400907,-4.071820915,0.233996752,0.73,0,0.01,-3.43,-0.01,2.1775,6.67577765
2542,興富發,0.03,-11812438,-2.976141304,0.028190398,0.08,0.01314367,0.01,0.2,-0.01,2.3074,7.083151324
2543,皇昌,0.01,167298,1.979961169,-0.017432866,-0.35,-0.018596294,0,0.32,0.06,2.9737,9.189016361
2545,皇翔,0.02,-853095,-1.819786264,0.103474157,-2.8,0,0.01,-1.72,-0.01,6.7118,21.51708327
2546,根基,0.06,623124,0.183822663,0.062156,-10.34,0,0.01,-0.4,-0.06,2.307,7.081895313
2547,日勝生,0,-875077,4.009543055,-0.138168174,-31.09,0,0,-2.99,0,4.212,13.17570081
2548,華固,0.04,212664,-0.872959207,-0.092541846,-0.38,0,0.03,-1.67,0.15,-0.6608,-1.969329155
2597,潤弘,0.09,826559,-0.398825958,0.03806353,11.85,0.37,0.02,0.38,-0.1,0.16,0.48076841
2601,益航,0,917080,30.40792493,-0.02279284,-1.43,0.056181267,0,1.14,-0.01,2.6363,8.11923458
2603,長榮,0.34,194518447,0.09990196,-0.025035779,27,0,0.13,6.72,0.06,3.0471,9.422673729
2605,新興,0.02,1390348,1.855404811,0.397945393,71.51,0,0.01,1.42,0.02,4.0999,12.810867
2606,裕民,0.04,3209806,0.336588811,-0.053735353,-0.73,0,0.02,3.71,0.03,0.5681,1.714000463
2607,榮運,0.02,1466240,1.397148743,0.020040174,-63.52,0,0.01,-0.28,0,2.0883,6.396640614
2608,嘉里大榮,0.04,1671627,0.627660631,0.00873973,1.62,0,0.02,-0.08,0.01,-1.6719,-4.932309849
2609,陽明,0.34,137225230,0.246522007,-0.037645284,103.07,0.048017705,0.09,4.93,-0.07,3.7968,11.82834406
2610,華航,0.01,28095471,12.23679641,0.030523143,24.75,0.01219586,0.01,3.11,0.03,3.6907,11.4857652
2611,志信,0.01,3551,-0.931029795,0.023147952,-36.42,0,0.01,6.58,0.02,-1.394,-4.123973807
2612,中航,0.01,704110,4.338655991,-0.071844554,-34.63,0,0.01,3.62,0.01,5.9842,19.0483493
2613,中櫃,0.01,451158,2.878493505,-0.010874291,0.03,0,0.01,1.67,0.01,-0.656,-1.95511815
2614,東森,0.04,941974,0.56860244,-0.036063524,0.67,-0.050000009,0.02,1.34,0.01,-4.3529,-12.49851561
2615,萬海,0.32,87265883,0.272368178,0.008682803,46.45,0.100000023,0.13,6,0.06,1.8819,5.752612912
2616,山隆,0.04,1008868,1.811532974,-0.213298787,-10.8,0,0.02,-0.09,0.11,1.9034,5.819577536
2617,台航,0.03,1431861,1.099364411,0.017981694,-33.04,0,0.01,2.62,0.02,11.1037,37.14676452
2618,長榮航,0,19569782,-34.00721883,-0.016576226,4.53,0.019988725,0,3.27,0.01,2.2854,7.014085271
2630,亞航,0.01,-286378,-5.806290279,0.166409706,6.26,0.000420668,0,0.18,0,1.5924,4.853675924
2633,台灣高鐵,0.01,21931519,7.046645665,0.013759601,-11.41,0,0,-12.82,-0.01,2.0761,6.358500575
2634,漢翔,0.01,-625788,-2.670077341,-0.011719999,1.87,0,0.01,2.17,0.01,-0.3372,-1.008192719
2636,台驊投控,0.15,2924300,0.277384618,-0.569096957,0.05,0.074876345,0.07,2.4,0.27,5.6291,17.8557398
2642,宅配通,0.04,379011,0.924763728,0.280089691,-19.34,0,0.01,-0.94,-0.02,-3.2318,-9.385439526
2645,長榮航太,0.03,1332653,1.032849827,0.003648266,3.25,0,0.01,-0.85,0,0,0
2701,萬企,0.01,77274,0.180206186,0.000633524,-484.36,0,0,1.4,0,-0.409,-1.221988412
2702,華園,-0.01,25515,-1.242879717,0.20023559,14.82,0,0,5.31,0.01,-0.3971,-1.18657561
2704,國賓,0,-83616,1.295251167,-0.063743752,-14.02,0,0.01,-5.41,-0.02,-0.2955,-0.883882973
2705,六福,-0.03,-211480,-0.596361374,0.031060374,5.41,0,-0.01,-4.98,0,1.5938,4.85801081
2706,第一店,0.01,76279,0.111517501,0.000325768,-768.45,0,0.01,-1.16,0,-1.747,-5.149972916
2707,晶華,0.03,-559929,-2.993963933,-0.011166479,62.11,0,-0.02,-3.41,-0.06,-1.7652,-5.202672093
2712,遠雄來,-0.01,-10836,-0.312480173,3.160188193,-7.42,0,-0.01,-8.07,-0.03,6.0665,19.32589886
2722,夏都,-0.01,63664,-4.393060811,0.055771693,-19.75,0,0,-0.38,0,1.6787,5.121114074
2727,王品,-0.01,1173304,-16.55095495,-0.014222847,-8.2,0,-0.01,-1.32,-0.06,-0.0488,-0.146328568
2731,雄獅,-0.07,-382305,0.051123007,-0.030515898,-9.9,0.020085193,-0.03,-0.74,-0.05,0.2064,0.620478908
2739,寒舍,-0.05,-176383,-0.718404907,-0.012890849,-5.47,0,-0.02,-7.16,-0.02,0.2081,0.625600069
2748,雲品,-0.02,-30082,-0.703549678,0.385865088,35.5,0,-0.02,-5.87,-0.06,1.6913,5.160198666
2753,八方雲集,0.07,759629,0.978870451,0.207298317,98.77,0.099925389,0.01,-0.8,-0.12,2.7298,8.414988436
2801,彰銀,#DIV/0!,,#DIV/0!,#DIV/0!,0,#DIV/0!,#DIV/0!,0,0,1.3041,3.96354209
2809,京城銀,#DIV/0!,,#DIV/0!,#DIV/0!,0,#DIV/0!,#DIV/0!,0,0,-0.2427,-0.726334331
2812,台中銀,#DIV/0!,,#DIV/0!,#DIV/0!,0,#DIV/0!,#DIV/0!,0,0,2.4574,7.554848421
2816,旺旺保,#DIV/0!,,#DIV/0!,#DIV/0!,0,#DIV/0!,#DIV/0!,0,0,1.0053,3.046320441
2820,華票,#DIV/0!,,#DIV/0!,#DIV/0!,0,#DIV/0!,#DIV/0!,0,0,-0.0023,-0.006899841
2832,台產,#DIV/0!,,#DIV/0!,#DIV/0!,0,#DIV/0!,#DIV/0!,0,0,0.492,1.48327383
2834,臺企銀,#DIV/0!,,#DIV/0!,#DIV/0!,0,#DIV/0!,#DIV/0!,0,0,-0.1176,-0.35238527
2836,高雄銀,#DIV/0!,,#DIV/0!,#DIV/0!,0,#DIV/0!,#DIV/0!,0,0,5.0214,15.83329493
2838,聯邦銀,#DIV/0!,,#DIV/0!,#DIV/0!,0,#DIV/0!,#DIV/0!,0,0,5.2131,16.46875968
2845,遠東銀,#DIV/0!,,#DIV/0!,#DIV/0!,0,#DIV/0!,#DIV/0!,0,0,0.3195,0.961565669
2849,安泰銀,#DIV/0!,,#DIV/0!,#DIV/0!,0,#DIV/0!,#DIV/0!,0,0,1.5536,4.733585177
2850,新產,#DIV/0!,,#DIV/0!,#DIV/0!,0,#DIV/0!,#DIV/0!,0,0,1.7574,5.365396408
2851,中再保,#DIV/0!,,#DIV/0!,#DIV/0!,0,#DIV/0!,#DIV/0!,0,0,3.7217,11.58578647
2852,第一保,#DIV/0!,,#DIV/0!,#DIV/0!,0,#DIV/0!,#DIV/0!,0,0,-0.8969,-2.666639261
2855,統一證,#DIV/0!,,#DIV/0!,#DIV/0!,0,#DIV/0!,#DIV/0!,0,0,-0.2477,-0.741260861
2867,三商壽,#DIV/0!,,#DIV/0!,#DIV/0!,0,#DIV/0!,#DIV/0!,0,0,-0.653,-1.946235575
2880,華南金,#DIV/0!,,#DIV/0!,#DIV/0!,0,#DIV/0!,#DIV/0!,0,0,1.6422,5.007947497
2881,富邦金,#DIV/0!,,#DIV/0!,#DIV/0!,0,#DIV/0!,#DIV/0!,0,0,-0.7954,-2.367270487
2882,國泰金,#DIV/0!,,#DIV/0!,#DIV/0!,0,#DIV/0!,#DIV/0!,0,0,-1.2838,-3.802167315
2883,開發金,#DIV/0!,,#DIV/0!,#DIV/0!,0,#DIV/0!,#DIV/0!,0,0,0.7436,2.247429345
2884,玉山金,#DIV/0!,,#DIV/0!,#DIV/0!,0,#DIV/0!,#DIV/0!,0,0,0.6176,1.86426645
2885,元大金,#DIV/0!,,#DIV/0!,#DIV/0!,0,#DIV/0!,#DIV/0!,0,0,1.1573,3.512235301
2886,兆豐金,#DIV/0!,,#DIV/0!,#DIV/0!,0,#DIV/0!,#DIV/0!,0,0,1.256,3.815524219
2887,台新金,#DIV/0!,,#DIV/0!,#DIV/0!,0,#DIV/0!,#DIV/0!,0,0,1.468,4.468967078
2888,新光金,#DIV/0!,,#DIV/0!,#DIV/0!,0,#DIV/0!,#DIV/0!,0,0,1.367,4.15731612
2889,國票金,#DIV/0!,,#DIV/0!,#DIV/0!,0,#DIV/0!,#DIV/0!,0,0,1.8242,5.573038209
2890,永豐金,#DIV/0!,,#DIV/0!,#DIV/0!,0,#DIV/0!,#DIV/0!,0,0,-0.6239,-1.860046749
2891,中信金,#DIV/0!,,#DIV/0!,#DIV/0!,0,#DIV/0!,#DIV/0!,0,0,2.9948,9.256150796
2892,第一金,#DIV/0!,,#DIV/0!,#DIV/0!,0,#DIV/0!,#DIV/0!,0,0,1.0075,3.053053954
2897,王道銀行,#DIV/0!,,#DIV/0!,#DIV/0!,0,#DIV/0!,#DIV/0!,0,0,0.9717,2.943517775
2901,欣欣,0,3310,-4.761363636,-0.007863048,-693.12,0,0,-1.14,-0.01,-1.49,-4.403727795
2903,遠百,0.01,-701767,-1.522212176,-0.031882186,2.38,0,0,-0.17,-0.01,0.4886,1.472973563
2904,匯僑,0.04,177303,1.699456464,0.024122152,-27.26,0,0.01,-2.53,-0.01,0.5335,1.609053852
2905,三商,0,23268315,8.149734631,0.010330075,-377.94,0,0,-4.79,-0.02,-0.7136,-2.125559589
2906,高林,0.02,-299930,-2.484677032,0.089170194,-6.61,0,0.01,-0.85,0.02,6.3806,20.38913843
2908,特力,0.03,148589,-0.850438551,-0.052095933,0.34,0,0.01,-0.56,0,0.239,0.718714995
2910,統領,0.01,207971,1.487334354,-0.136798905,-19.79,0,0.01,3.47,-0.01,0.5958,1.798070479
2911,麗嬰房,-0.07,-99201,-0.719196889,0.117193691,-7.06,0,-0.02,-1.16,-0.04,-0.3026,-0.905055768
2912,統一超,0.03,21739935,2.002899036,0.00676769,0.97,0,0.01,-0.21,0.02,0.5771,1.741310552
2913,農林,-0.01,-121768,-0.259048314,-0.002390612,-15.71,0,0,-0.26,0,-2.4456,-7.158833923
2915,潤泰全,0.09,-1702470,-1.119139343,0.165447804,132.9,0,0.03,3.68,0,1.6271,4.9611544
2945,三商家購,0.03,1199770,6.315090877,-0.018706721,-8.05,0,0.02,0.3,0.1,-0.1261,-0.377823164
3002,歐格,0,-91696,42.51969625,0.0000474,-6.86,0,0,-0.06,0,2.5922,7.979926854
3003,健和興,0.07,-48506,-1.084995505,0.145979788,-3.11,0,0.02,0.23,0,0.6398,1.931706511
3004,豐達科,-0.02,86490,-1.844068392,-0.038313083,-15.51,0,-0.01,1.23,0.01,0.6399,1.932010362
3005,神基,0.03,532764,-0.490893176,-0.068556203,-3.52,0.003656716,0.02,0.04,-0.02,1.7002,5.187811875
3006,晶豪科,0.2,6510733,0.729040007,0.067326676,-8.03,0.0000234,0.08,5.21,-0.02,3.0468,9.421718049
3008,大立光,0.08,13203867,-0.022652933,0.035757028,130.21,0,0.03,-1.2,0.02,-0.798,-2.374946697
3010,華立,0.05,1441745,-0.374740333,0.074769123,-4.91,0.019999991,0.02,-0.17,0.04,-2.8469,-8.299862178
3011,今皓,-0.03,-201604,3.193618172,-0.029048849,4.44,0,0,2.68,0.03,1.3663,4.155158328
3013,晟銘電,-0.01,88018,-2.096701845,0.135909435,-24.18,0,-0.01,-1.36,0.02,1.9214,5.875662677
3014,聯陽,0.18,738052,-0.469739566,0.041130851,-28.85,0,0.07,0.42,0.09,-6.0076,-16.96174445
3015,全漢,0.03,-257241,-1.442266132,-0.017300618,7.28,0,0.01,0.69,-0.01,2.0972,6.424469836
3016,嘉晶,0.04,401138,0.505468111,-0.118158248,-1.81,0.006354217,0.02,1.48,0.02,2.3705,7.281410156
3017,奇鋐,0.06,2924002,0.101946155,0.062083859,2.57,0,0.02,0.38,-0.03,-3.1441,-9.138847113
3018,隆銘綠能,-0.04,-370499,3.576886967,1.632606314,24.55,0,-0.03,-1.45,-0.17,7.2163,23.24872844
3019,亞光,0.06,1474906,0.056068269,0.087103678,-21.43,0,0.02,-0.03,0.01,-0.0568,-0.170303231
3021,鴻名,0.04,-63659,-1.525308622,0.058263613,6.16,0,0.02,0.58,0.07,0.2175,0.653920216
3022,威強電,0.06,-53027,-1.078323895,0.01839861,5.9,0,0.02,-0.88,0.02,2.3045,7.074045463
3023,信邦,0.07,638715,-0.671519614,-0.062413257,3.8,0.001613311,0.03,-0.15,0.02,-5.7164,-16.18756274
3024,憶聲,-0.05,-72916,-0.626606035,0.17176728,7.33,0,0,-0.05,0.02,0.7244,2.188980674
3025,星通,-0.01,87819,-12.58562005,-0.023573884,-315.5,0,0.01,2.45,0.02,2.164,6.633500259
3026,禾伸堂,0.09,1531765,-0.006262416,0.610335828,29.69,0,0.03,-0.06,-0.01,1.7172,5.240569639
3027,盛達,-0.01,1004,-1.03360332,-0.183394174,23.25,0,-0.01,-2.37,0.06,2.2554,6.919952158
3028,增你強,0.03,-373094,-1.533107951,2.511113974,6.13,0,0.01,0.18,-0.02,1.4593,4.442097461
3029,零壹,0.06,178447,-0.557092472,-0.009089236,-4.64,0.003607076,0.02,-0.74,0.17,3.425,10.63093649
3030,德律,0.12,407453,-0.56093616,0.019260899,-24.84,0,0.04,-0.1,0.01,1.3132,3.991561288
3031,佰鴻,0.06,127812,-0.41240995,-0.048904174,79.48,0,0.01,-0.2,0,-2.481,-7.259866315
3032,偉訓,0.04,251985,-0.149744908,-0.121689681,-3.97,0,0.02,0.68,-0.03,-1.2844,-3.803921385
3033,威健,0.05,325179,-0.74057137,-0.32147172,-0.5,0.077380843,0.02,0.44,0.01,1.5473,4.714094564
3034,聯詠,0.27,21456184,-0.231850988,13.85105239,79.15,0,0.09,1.76,-0.01,1.0879,3.299334548
3035,智原,0.07,1658140,1.185518799,0.474860744,-41.74,0,0.03,0.96,0.03,4.6116,14.48261306
3036,文曄,0.03,-12282625,-3.082959891,2.563779911,-2.38,0.003936675,0.01,0.01,-0.1,-6.5638,-18.42717502
3037,欣興,0.04,18297148,1.977071189,0.270832213,13.06,0,0.02,2.21,0.02,3.5165,10.92482159
3038,全台,0.05,37158,-0.788132259,-0.005408253,16.55,0,0.02,-0.35,0.04,-1.0168,-3.019488658
3040,遠見,0.03,29660,-0.426016952,-0.002243725,-240.16,0,0.01,-0.54,0.01,-0.7989,-2.377603753
3041,揚智,-0.02,-115735,0.276512436,-0.256026013,-10.52,0,0,1.32,0.03,-0.2036,-0.609557255
3042,晶技,0.12,2329869,-0.034507322,0.920726597,58.88,0,0.04,0.66,-0.01,-1.3941,-4.124265501
3043,科風,-0.02,18456,-1.616597621,-0.098149806,0.79,0,-0.03,-2.49,0,-1.0487,-3.113222182
3044,健鼎,0.05,3983511,0.029390324,0.069555691,0.91,0,0.02,0.37,0.01,0.0427,0.128154706
3045,台灣大,0.05,22681679,1.334986096,0.044168707,4.19,0,0.02,-0.01,0.01,-3.212,-9.329805482
3046,建碁,0.03,137465,1.444517552,-0.065343038,-0.4,0,0.02,-2.88,0.11,-6.3183,-17.78249578
3047,訊舟,-0.01,-415072,6.668200041,-0.015548303,-9.87,0,0,0.98,0.02,-1.2312,-3.648311029
3048,益登,0.03,-614287,-1.797338342,-0.167906081,-5.25,0.09999973,0.01,-0.1,0.07,4.5332,14.22541275
3049,精金,0.04,1321103,1.075890591,0.071028452,203.68,0,0.01,0.05,0,-4.3114,-12.384569
3050,鈺德,0.01,227081,2.566698604,0.060292634,-4.43,0,0.01,-0.1,0,1.9777,6.051212456
3051,力特,0.05,-13836,-1.050927562,-0.060020498,2.31,0,0.02,0.92,-0.01,-4.2568,-12.23450308
3052,夆典,0.01,349168,3.555771564,-0.189197237,-6.47,0,0,-0.44,-0.06,1.4347,4.366146236
3054,立萬利,-0.04,-36289,0.0281335,-0.09259659,-129.03,0,0,5.68,-0.01,6.7414,21.6182315
3055,蔚華科,-0.05,-110211,-0.678915413,0.087288633,-0.1,0,-0.02,-1.24,0,3.5329,10.97755102
3056,富華新,0.04,1417890,1.088836967,-0.005699319,-12.47,0,0,-0.12,-0.13,-0.3897,-1.164549936
3057,喬鼎,-0.01,32091,-5.019413828,-0.0612282,7.37,0,0.01,-1.27,0.04,-4.1295,-11.88395883
3058,立德,-0.05,-446766,0.900016161,-0.002281672,-2.92,0,-0.01,0.53,0.06,0.4325,1.303119778
3059,華晶科,0.01,-189844,-1.849052975,0.029891625,-5.04,-0.000173997,0.01,1.34,0.02,-3.7121,-10.72802457
3060,銘異,0.03,18717,-0.862156071,-0.036276271,2.11,0,0.02,0.21,0.03,-1.5345,-4.53322062
3062,建漢,-0.02,13960,-1.081399892,-0.028928008,0.58,0,-0.01,-1.58,-0.02,-2.9389,-8.560124371
3090,日電貿,0.08,-96150,-1.134980332,1.289616714,-14.84,0,0.03,-0.1,-0.01,0.5477,1.652115688
3092,鴻碩,0,-44969,-7.109088439,-0.070554759,-15.03,0.017206481,0,-3.39,0.01,1.0289,3.118567979
3094,聯傑,0.05,55496,0.046679618,-0.004773667,-141.68,0,0.02,2.13,0.01,0.0822,0.246802761
3130,一零四,0.1,333112,0.204466236,-0.152595113,22.3,0,0.04,0.12,0.02,-3.9053,-11.26431507
3138,耀登,0.05,122607,0.261674453,-0.000519964,59.31,0.002704112,0.01,1.21,0,-1.5815,-4.669861288
3149,正達,-0.01,148694,-4.375879762,-0.006269342,-4.49,0,-0.01,-1.03,0.01,7.5735,24.48467707
3164,景岳,0.04,51359,-0.243920033,-0.008802012,14.17,0,0.02,1.08,0.01,6.5919,21.10793825
3167,大量,0.06,-224171,-1.623801003,0.924279653,33.12,0,0.03,1.05,0.01,-1.5986,-4.719542867
3168,眾福科,#DIV/0!,,#DIV/0!,-1,-167.82,-1,#DIV/0!,-16.82,-1.69,0,0
3189,景碩,0.06,7458571,1.522285073,-0.01018697,-6.73,0,0.03,3.09,0.03,5.3141,16.8044966
3209,全科,0.03,139866,-0.768645594,-0.409931121,-13.15,0.060000116,0.01,-0.01,-0.21,4.3529,13.63537991
3229,晟鈦,-0.09,231,-1.004219641,-0.019744998,25.57,0,-0.02,-0.67,0.04,-6.8113,-19.07368598
3231,緯創,0.02,-11308545,-2.129208904,0.112095756,-1.7,-0.0000827,0.01,-0.03,-0.02,-0.9609,-2.855088858
3257,虹冠電,0.17,269814,-0.148709406,-0.026740433,30.44,0.099638433,0.08,1.16,0.07,1.108,3.360965945
3266,昇陽,0.01,-265483,-2.935712723,-0.019655093,-2.02,0,0.01,16.06,0.03,-1.1186,-3.318401988
3296,勝德,-0.03,-399895,3.834612827,-0.048614308,-14.71,0,-0.01,-1.04,0.09,-0.0231,-0.069283993
3305,昇貿,0.06,-505404,-2.168569566,-0.281725921,-21.17,0.04244986,0.02,-0.32,0.05,-1.6962,-5.00277518
3308,聯德,-0.03,-42630,0.034181606,-0.025936481,-5.19,0,0,7.9,0.02,-3.8436,-11.09328042
3311,閎暉,0.01,20166,-0.517340418,-0.05076091,-73.3,0,0,0.07,0,-0.2805,-0.839141799
3312,弘憶股,0.05,-439194,-2.27192007,0.012159682,1.48,0.1,0.02,0.36,0.01,1.8105,5.530430773
3321,同泰,-0.03,22262,-1.35300647,2.555430008,21.7,0,-0.01,0.42,0.02,-0.7328,-2.182329476
3338,泰碩,0.03,245736,1.116388628,-0.541658674,-23.78,0,0.01,0.86,0.03,5.8421,18.57014314
3346,麗清,0.01,-130998,-3.411509149,-0.036227661,-4.72,0.044195075,0,-0.32,-0.02,-0.9103,-2.706116049
3356,奇偶,0.03,91787,0.263031154,-0.213578196,-36.77,-0.0000401,0.01,-0.61,0.02,-0.0091,-0.027297516
3376,新日興,0.04,1881889,1.301202639,0.015634569,-7.7,0.000415789,0.01,-0.93,0.01,2.6079,8.029507942
3380,明泰,0.02,-1191350,-3.895470443,-0.013537658,7.23,0,0.01,0.62,-0.01,0.4707,1.418757183
3406,玉晶光,0.05,360858,-0.737029774,0.283419219,23.27,0.000580969,0.03,1.86,0.15,2.593,7.982452912
3413,京鼎,0.09,521408,-0.568342274,0.149366395,42.01,0.00023725,0.03,0.37,0.02,-1.2037,-3.567807593
3416,融程電,0.09,125284,-0.564102207,0.002333947,100.39,0,0.04,-0.01,0.06,0.5134,1.548120919
3419,譁裕,-0.01,-24314,0.621581966,0.012936451,-28.14,0,0,-1.01,0.01,-2.963,-8.628220257
3432,台端,-0.02,43263,-1.990271928,0.010086326,-1175.4,0,-0.01,-0.76,0,0.5347,1.61269241
3437,榮創,0.01,557010,13.83224157,0.061320755,1.79,0,0,-0.14,-0.1,-4.7273,-13.52204331
3443,創意,0.07,2847515,2.021489334,-0.043226754,3.75,0,0.03,2.27,-0.01,1.1851,3.597600303
3447,展達,0.04,143785,0.372636061,-0.126240036,-9.29,0,0.01,-0.18,-0.17,0,0
3450,聯鈞,0.07,945712,0.500910978,0.096655402,-2.93,0,0.03,-0.1,0.01,0.7713,2.331792996
3454,晶睿,0.01,-13079,-1.349818123,-0.027954239,13.3,0,0,-1.32,-0.02,0.9681,2.93250726
3481,群創,0.12,85261099,0.571613491,-0.017455747,4.24,0.02469559,0.04,-0.27,0,2.2269,6.830576847
3494,誠研,-0.1,-38398,-0.823449354,0.008700452,-4.06,0,-0.04,6.82,0.02,3.4512,10.71503409
3501,維熹,0.03,-385253,-2.626995456,-0.003481513,5.77,0,0.01,-0.16,0.04,-0.6288,-1.874563179
3504,揚明光,0,-40872,-5.955383123,-0.042307744,-0.48,0,0.01,1.47,0.01,-2.0045,-5.893764805
3515,華擎,0.13,653288,-0.628592269,0.120955699,44.07,0,0.04,0,-0.05,12.3265,41.72507012
3518,柏騰,0,139317,51.35512965,-0.11048286,38.61,0,0,-1.1,-0.02,-3.719,-10.7472149
3528,安馳,0.05,-360968,-2.606894679,-0.055018991,-0.75,0,0.01,0.32,-0.08,0.601,1.813857738
3530,晶相光,0.17,669060,0.092833517,-0.006156032,-2.12,0.000512092,0.07,1.83,0.04,-1.6276,-4.803758712
3532,台勝科,0.04,2704120,1.627453533,0.004718947,120.14,0,0.02,1.04,0.02,2.8264,8.721113989
3533,嘉澤,0.1,1913420,-0.224632865,3.82405687,58.8,0.024159748,0.04,-1.05,0.02,2.0278,6.207593011
3535,晶彩科,0.02,346194,5.873292567,-0.027497754,-3.41,0,0,-0.34,-0.05,0.7439,2.248342783
3543,州巧,-0.01,-179556,2.717438562,-0.001149998,-2.94,0,0,1.18,0.04,-0.9072,-2.696984308
3545,敦泰,0.22,4423109,-0.055555378,2.956199253,-29.22,0.00076448,0.06,3.68,-0.12,-3.3219,-9.638315135
3550,聯穎,0.02,-103392,-2.259066222,0.485864912,-10.37,0,0,-1.03,-0.03,-2.8127,-8.202986767
3557,嘉威,0.09,198107,-0.528830466,-0.6820296,8.62,0.110649457,0,-2.39,-0.07,-0.6486,-1.933206827
3563,牧德,0.16,486326,-0.260588092,-0.024520134,75.76,0,0.06,0.8,0,5.0185,15.82369953
3576,聯合再生,-0.03,877312,-2.105192811,-0.067670749,-5.46,0,0,0.96,0.01,3.6247,11.2730158
3583,辛耘,0.04,1274697,3.693374326,0.001713025,-5.87,0,0.01,0.51,-0.01,6.048,19.26347168
3588,通嘉,0.11,227343,0.073856793,-0.044737577,-38.16,0.106551235,0.05,2.5,0.02,3.0525,9.439876933
3591,艾笛森,0.02,101719,0.090586469,-0.162291018,15.82,0.046064183,0.01,-0.9,-0.02,1.6364,4.989972345
3592,瑞鼎,0.22,3526763,0.141543787,-0.048187171,-1.02,0,0.07,2.63,-0.05,3.8643,12.04665492
3593,力銘,-0.03,49161,-2.334373812,0.359622721,-8.12,0,-0.01,1.13,-0.01,0.3231,0.972435181
3596,智易,0.03,-721066,-1.636603936,-0.008646108,-1.84,0.006243028,0.01,0.25,-0.04,-0.4499,-1.343636806
3605,宏致,0.04,257930,-0.406134591,0.012982734,0.37,0,0.01,-0.89,0.03,-7.5941,-21.0959848
3607,谷崧,-0.07,-18446,-0.936446138,-0.665165883,-5.89,0,-0.03,-3.01,0.01,-4.9421,-14.10564019
3617,碩天,0.02,93514,-0.432316107,-0.017712145,-1.11,0,0,-1.1,0.01,-1.9992,-5.878495021
3622,洋華,0.04,-45454,-1.209525302,0.609269064,-96.43,0,0.03,0.47,0.02,-2.864,-8.348274315
3645,達邁,0.05,421565,0.73500675,-0.013425096,-15.71,0.000986541,0.02,-1,0.02,3.586,11.14839326
3652,精聯,0.02,87769,0.880670252,0.239057777,-20.56,0,0.01,-1.7,0.01,-0.1829,-0.54769704
3653,健策,0.07,449024,-0.481783171,0.03193095,64.93,-0.00009,0.03,1.56,0.03,1.1666,3.540787436
3669,圓展,0.12,234743,-0.565612509,0.02214938,-32.05,0,0.05,-2.18,0.02,0.2306,0.693396517
3679,新至陞,0.05,868731,1.021512858,-0.020853625,5,0,0.02,-0.5,-0.03,4.4008,13.79193427
3686,達能,-0.04,-15449,-0.608400294,-0.611623537,342.28,0,-0.02,2.38,0.05,2.5978,7.997610087
3694,海華,0.03,-440930,-3.389281747,-0.052547082,3.98,0,0.02,0.82,0.08,-3.0898,-8.985943869
3701,大眾控,0.04,-30334,-1.080031238,0.536845084,26.2,0,0.02,0.48,0.02,-3.2525,-9.443578053
3702,大聯大,0.03,-28544051,-4.304179993,0.019001552,1.41,0,0.01,0.02,0.04,-0.7051,-2.100420075
3703,欣陸,0.01,-1119012,-2.083617792,0.087326658,5,0,0,-1.04,-0.01,0.4457,1.343068308
3704,合勤控,0.04,-172909,-1.218902078,2.807132987,32.28,0.000392775,0.02,2.37,-0.06,-2.7146,-7.924728808
3705,永信,0.05,540395,-0.002024041,0.062775323,-8.47,0,0.02,-0.39,0.02,-1.6451,-4.854554602
3706,神達,-0.05,169403,-1.04917083,3.026389477,13.46,0,-0.08,0.43,-0.1,-0.2103,-0.629574147
3708,上緯投控,0.01,-107821,-2.164222779,0.992264241,-0.03,0,0,-1.75,-0.09,-0.1812,-0.542615592
3711,日月光投控,0.05,48815706,0.382995512,0.183991001,5.18,0.000800196,0.02,0.56,0.04,-2.1002,-6.169201163
3712,永崴投控,0.01,-2350968,-10.78025535,0.119145489,-12.92,0,0,-2.14,-0.01,1.9113,5.844190242
3714,富采,0.01,1470373,0.294693456,0.015784718,-3.22,0,0.01,2.31,0.03,-5.9006,-16.67783176
3715,定穎投控,#DIV/0!,,#DIV/0!,#DIV/0!,0,#DIV/0!,#DIV/0!,0,0,0,0
4104,佳醫,0.04,631865,0.229161074,-0.02215097,7.86,0,0.01,-0.17,0,0.9326,2.823973395
4106,雃博,0.03,-94887,-1.990666207,-0.052362931,-7.76,0,0.01,-0.43,0.01,0.2786,0.838130701
4108,懷特,-0.02,-53459,-0.092022352,-0.258230563,210.62,0,0,3.49,0.01,3.1903,9.879487515
4119,旭富,0.02,258095,2.341208606,-0.005205376,-30.06,0.200000503,0.01,2.01,-0.01,-0.3033,-0.907143063
4133,亞諾法,0.02,72400,1.430019467,-0.164259373,537.46,0,0.01,0.7,0,11.5923,38.96412155
4142,國光生,-0.03,-1135076,3.288613831,0.000819055,33.65,0,0.02,143.1,0.12,0.4243,1.278308553
4155,訊映,0.01,-124382,-4.247232665,-0.024618171,-3.49,0,0,-0.56,0,1.0911,3.309144872
4164,承業醫,0.02,275956,0.180055591,-0.000951938,-38.76,0.000217428,0.01,1.7,-0.01,7.1319,22.95789562
4306,炎洲,0.06,-330507,-1.173134768,-0.214856868,3.27,0.09383988,0.05,0.04,0.01,-0.9662,-2.870683926
4414,如興,-0.03,880851,-2.650055917,-0.137842629,-1.38,0,0.01,2.65,0.1,-2.178,-6.392722654
4426,利勤,-0.05,-65570,-0.759739403,0.01874361,-34.29,0,-0.02,-10.36,-0.03,2.0895,6.400392585
4438,廣越,0.04,-2672895,-5.589630085,-0.013873665,20.28,0,0.02,-1.05,0.2,-0.9835,-2.921576964
4440,宜新實業,0.12,253167,0.119593674,-0.085754097,18.47,0,0.04,-0.38,0.05,1.8767,5.736421061
4526,東台,0.01,101870,-0.150467422,0.138034828,10.72,0,0.01,0.56,0.02,-0.3017,-0.902372059
4532,瑞智,0.02,1555206,2.265017089,-0.020221892,3.37,0,0.01,-0.46,-0.01,-0.2576,-0.770810977
4536,拓凱,0.07,403220,-0.450585836,0.375693736,-16.66,0,0.02,0.7,0.03,4.2991,13.45971353
4540,全球傳動,0.03,248281,0.286010266,-0.003597494,-7.07,0,0.02,0.92,0.03,-1.0035,-2.980390686
4545,銘鈺,0.02,139172,1.478486964,-0.024141454,4.54,0,0.01,2.16,-0.02,0.7839,2.370183147
4551,智伸科,0.07,959611,0.032167193,0.021351961,5.32,0,0.02,0.5,-0.02,-1.1045,-3.277037133
4555,氣立,0.05,106110,-0.488434207,-0.025081348,5.85,0.001683612,0.02,-0.38,0.01,3.1829,9.855850121
4562,穎漢,-0.03,12837,-1.135065181,-0.004725966,-3.75,0,-0.01,-1.02,0.02,-3.1153,-9.057770605
4564,元翎,0.03,314033,0.133562188,0.010376834,15.64,0,0.01,-0.41,0.02,0.0844,0.253413761
4566,時碩工業,0.03,142492,-0.080833167,-0.345383469,-24.4,0.000730955,0.01,0.67,0.01,4.1486,12.96926657
4572,駐龍,0.02,51678,0.359267735,-0.016475811,1212.89,0,0.01,-0.63,0.03,2.0804,6.371942335
4576,大銀微系統,0.04,322635,0.326073465,0.03029782,12.66,0,0.02,-0.6,0.02,0.4956,1.494180754
4583,台灣精銳,0.06,1153876,0.861267443,0.057953326,-176.38,0,0.02,-0.15,-0.02,0,0
4588,玖鼎電力,#DIV/0!,,#DIV/0!,-1,-189.53,-1,#DIV/0!,-36.27,-0.2,0,0
4720,德淵,0.01,-232335,-12.61442711,-0.035947899,-0.82,0.02645787,0,0.29,0.02,2.799,8.634224879
4722,國精化,0.06,-122811,-1.450097855,5.211822096,-32.65,0,0.02,-0.1,-0.07,3.0327,9.376807335
4736,泰博,0.13,1053375,-0.247610245,-0.48153574,-154.89,0.005278536,0.05,2.17,0.05,5.2574,16.61593923
4737,華廣,0.01,201558,2.485052304,0.00406237,0.47,0.000651175,0.01,1.19,0.01,1.1875,3.604972144
4739,康普,0.03,-579243,-2.846075151,0.020398696,-7.33,0,0.01,-0.22,-0.01,-0.4457,-1.331149399
4746,台耀,-0.02,326736,-2.45507014,0.062500675,17.19,0.109742267,0,0.23,0,1.6414,5.005468044
4755,三福化,0.06,82244,-0.763401513,-0.104683436,-11.76,0,0.03,1.04,0.03,-1.481,-4.377524007
4764,雙鍵,0.02,68364,-0.123336154,0.50126707,59.87,0.070000769,0,-0.43,0,0.5055,1.524178825
4766,南寶,0.03,-217214,-1.283963254,0.170036105,19.35,0,0,-0.98,-0.02,2.1578,6.614087719
4770,上品,0.12,1065766,0.549037961,-0.006344669,-11.74,0.007340116,0.04,0.08,0.01,5.2901,16.72465917
4771,望隼,#DIV/0!,,#DIV/0!,-1,-289.9,-1,#DIV/0!,-36.03,-0.58,0,0
4904,遠傳,0.03,29382514,3.884847495,0.012794936,0.64,0,0.01,0.07,0,-1.2767,-3.781409211
4906,正文,0.02,-695921,-2.820948518,0.003646519,1.39,0,0.01,-0.23,0.05,6.8286,21.91653495
4915,致伸,0.04,-2253076,-1.975700127,-0.040819953,-0.95,0,0.01,0.2,0.02,0.8056,2.436322024
4916,事欣科,0.03,-28926,-1.298335362,-0.055847225,-0.26,0,0.01,-2.65,0,-1.5817,-4.670442459
4919,新唐,0.05,1948849,0.134321921,-0.02792062,7.85,0.049578728,0.02,0.39,0,3.5414,11.00488687
4930,燦星網,0.03,263729,-0.273961855,-0.069823499,24.74,0,0.01,0.43,0.01,-1.8322,-5.396506356
4934,太極,-0.11,-499626,0.053367713,-0.017283645,19.19,0,-0.03,-3.26,-0.08,-1.1801,-3.498685265
4938,和碩,0.02,128724788,8.140735894,-0.058819545,1.49,-0.000311044,0.01,-0.1,0.15,-1.4198,-4.199211247
4942,嘉彰,0.07,325945,-0.537892804,-0.012956635,-14.96,0,0.02,0.04,0.01,-0.5972,-1.780921864
4952,凌通,0.15,433624,-0.119729275,0.030674924,-3.61,0,0.07,2.48,0.08,0.6898,2.083707544
4956,光鋐,0.04,943,-0.991732349,0.008009485,18.55,0,0.01,0.17,0.02,-3.3057,-9.592882779
4960,誠美材,0.05,244968,-0.670885702,0.151186279,97.79,0,0.01,1.1,-0.01,-0.6325,-1.885523616
4961,天鈺,0.21,1045549,-0.785944578,0.11451671,84.58,0.120002714,0.03,2.28,-0.24,3.7382,11.63904799
4967,十銓,0.02,-91162,-2.220113496,-0.920620307,86.78,0.118668443,-0.03,-7.59,0.23,0.3916,1.179406522
4968,立積,0.14,242737,-0.548004409,-0.067814757,-14.08,0.399999367,0.02,-1.38,-0.19,6.0701,19.33804938
4976,佳凌,0.01,63664,1.514673935,-0.040277059,352,0.167784726,-0.01,-2.43,-0.18,-2.1864,-6.416834826
4989,榮科,0.13,52297,-0.876744356,-0.004621136,3.81,0,0.04,0.12,0.02,0.2769,0.833002331
4994,傳奇,0.07,-227074,-2.424769099,-0.059923205,147.22,0,0.04,0.28,0.12,8.3072,27.04921479
4999,鑫禾,0.02,364556,2.496302832,-0.000505788,78.92,0,0.01,-0.78,0,0.504,1.519633282
5007,三星,0.09,42839,-0.941869159,-0.000742138,-247.4,0,0.03,-0.19,0.01,5.2397,16.55711899
5203,訊連,0.03,10772,-0.933422746,-0.011504669,-35.65,0.002663511,0.02,0.39,0,-0.5445,-1.624621736
5222,全訊,0.13,222362,0.32325252,-0.008210053,-11.5,0,0.03,-3.65,-0.03,1.01,3.06070603
5234,達興材料,0.11,507016,-0.013424399,0.143651311,29.28,0,0.04,0.03,0.04,9.4516,31.11921601
5244,弘凱,0.14,250064,0.139835723,-0.057006159,-3.12,0,0.04,-1.55,0,-2.9053,-8.465129254
5258,虹堡,0.03,222563,0.820541345,0.132361591,-7.45,0,0.01,0.95,0.06,-2.8322,-8.258231103
5269,祥碩,0.15,1423363,-0.426671543,-0.228460208,117.96,0,0.06,1.19,0.02,-6.4382,-18.09777403
5283,禾聯碩,0.11,206549,-0.688046167,-0.397709027,44.85,0,0.04,0.46,0.09,0.8263,2.499439568
5285,界霖,0.07,247118,-0.313507717,-0.008779734,173.57,0,0.02,-1,0.02,3.842,11.97450008
5292,華懋,#DIV/0!,,#DIV/0!,-1,-128.32,-1,#DIV/0!,-20.22,-0.99,0,0
5306,桂盟,0.13,1181501,-0.206781725,-0.020807183,-12.15,0,0.05,0.27,0,-0.2999,-0.897004497
5388,中磊,0.01,-3219012,-8.154266207,-0.000495604,-5.66,0,0,0,0,9.7557,32.21515906
5434,崇越,0.07,2167245,0.30705428,0.156539361,1.83,0,0.02,0.1,-0.01,3.0098,9.303893428
5469,瀚宇博,0.06,4406385,-0.002251644,-0.198148158,2.09,0,0.03,0.57,0.09,1.3283,4.038065789
5471,松翰,0.22,881424,-0.254453365,0.318338143,-43.82,0,0.1,3.01,0.09,-1.6068,-4.743360657
5484,慧友,-0.02,-77389,3.991872541,0.00540358,-4.53,-0.216018181,-0.01,-1.24,0,-0.9532,-2.8324289
5515,建國,0.03,327760,0.331643183,-0.379925016,-39.06,0,0.02,1.82,0,2.1663,6.640702284
5519,隆大,0.03,-1381001,-5.73513115,0.143278727,-81.1,0,0,0.34,-0.05,5.3369,16.88037587
5521,工信,0.01,-230687,-3.907574994,-0.281373548,-46.79,0.100000134,0,-1.48,0.08,0.8249,2.495169931
5522,遠雄,0.03,3771654,0.213580868,-0.038597999,1.44,0,0.01,-1.76,0.07,0.3783,1.139198741
5525,順天,-0.01,-1409778,12.59569113,-0.005811886,-2.23,0,0,-2.87,0,0.5616,1.694279549
5531,鄉林,-0.02,-3244360,2.847333314,0.335790992,17.72,0,0,0.95,-0.01,-2.6696,-7.796899636
5533,皇鼎,0.03,1285000,1.94918903,0.064873236,20.13,0,0.01,-4.17,0.02,0.538,1.622698892
5534,長虹,0.01,-4162031,-19.59236477,-0.25252498,-25.65,0,0,-2.53,0,1.2405,3.767856101
5607,遠雄港,0.03,1305103,1.629003374,0.074335302,-18.82,0,0.01,0.18,0,1.7588,5.369745386
5608,四維航,0.06,2286725,0.869994791,-0.015920022,32.37,0,0.03,8.62,0.03,0.3906,1.17638301
5706,鳳凰,-0.01,-177951,11.91559007,-0.093164954,-8.75,0,0,-11.79,0.03,-2.8967,-8.440804457
5876,上海商銀,#DIV/0!,,#DIV/0!,#DIV/0!,0,#DIV/0!,#DIV/0!,0,0,-3.7369,-10.79698572
5880,合庫金,#DIV/0!,,#DIV/0!,#DIV/0!,0,#DIV/0!,#DIV/0!,0,0,2.2393,6.869456824
6005,群益證,#DIV/0!,,#DIV/0!,#DIV/0!,0,#DIV/0!,#DIV/0!,0,0,-0.0226,-0.067784678
6024,群益期,#DIV/0!,,#DIV/0!,#DIV/0!,0,#DIV/0!,#DIV/0!,0,0,0.1301,0.390808001
6108,競國,0.02,-198213,-2.191212529,-0.199678522,-0.41,0,0.01,0.03,0.03,2.3805,7.312852385
6112,邁達特,0.03,102266,-0.654439045,0.001076687,-0.03,0,0.01,0.1,0.02,2.3367,7.175180884
6115,鎰勝,0.04,-199672,-1.564498072,0.025416158,-18.61,0,0.02,-0.72,0.07,0.5797,1.749201044
6116,彩晶,0.11,9238061,0.328272903,-0.027072278,-18.91,0,0.02,-5.97,-0.04,2.287,7.019107255
6117,迎廣,-0.01,-117407,1.492823474,0.282308684,10.11,0,0,0.6,0.01,1.5168,4.619769435
6120,達運,-0.04,397557,-1.488924226,-0.00218823,-10.02,0,-0.01,0.97,0.04,7.485,24.17769163
6128,上福,0.03,265779,0.191572255,-0.047417571,3.4,0,0.01,0.43,-0.02,-0.5346,-1.595241364
6133,金橋,-0.03,-129818,1.149375807,4.350628265,2.16,0,-0.01,0.61,0.03,-0.8872,-2.638056118
6136,富爾特,0.03,65860,-0.149710804,-0.012741551,473.56,0,0.03,-0.62,0.01,2.6771,8.248224574
6139,亞翔,0,-290427,-6.894122661,-0.020731796,-6.35,0,0,-0.3,-0.01,3.7699,11.74142222
6141,柏承,0.05,307190,0.134635202,0.526756555,1.32,0,0.01,-0.15,-0.02,0.4802,1.447528834
6142,友勁,-0.12,-196011,-0.625456449,0.101166065,-5.93,0,-0.06,0.76,-0.02,-1.6013,-4.727385749
6152,百一,-0.01,-292530,4.663478665,0.065479975,2.72,0,0,-0.33,0.09,-1.876,-5.523078955
6153,嘉聯益,-0.01,2035025,-14.90006421,-0.014226074,5.05,0,0.01,1.49,0.02,-0.2526,-0.755887409
6155,鈞寶,0.02,71566,0.471038027,0.04994561,-1.84,0.000894721,0.01,0.82,0,-0.4601,-1.37395898
6164,華興,0.01,-54700,-3.666211737,-0.132931338,-5.18,0,0.01,1.09,0.01,0.482,1.452980918
6165,浪凡,0.05,166841,1.185098358,0.00262699,1.7,0,0.03,1.9,0.04,-7.5474,-20.97629504
6166,凌華,0.01,-553731,-6.599860441,-0.012929932,-12.1,0,0,-1.17,-0.03,2.3139,7.103562889
6168,宏齊,0.07,156443,-0.514717332,0.034830103,38.54,0,0.03,0.04,0.01,-1.3427,-3.974256769
6176,瑞儀,0.06,6799072,0.699986448,0.004072783,8.27,0,0.02,0.14,-0.04,1.2072,3.665495884
6177,達麗,0.02,-4216552,-7.066099747,0.168845722,5.85,0.020000026,0.01,-2.37,0.07,1.164,3.53280459
6183,關貿,0.1,329791,0.052314005,0.000811336,59.67,0,0.03,-0.55,0.01,0.9892,2.997052294
6184,大豐電,0.05,314465,-0.129588162,-0.000852925,-97.19,0,0.02,-0.46,0,-1.0548,-3.131139266
6189,豐藝,0.05,84265,-0.876711287,0.028679636,-7.99,0.039866211,0.02,-0.07,0,0.0336,0.100833873
6191,精成科,0.07,2633310,0.156180601,-0.02619895,-2.48,-0.080000287,0.03,-0.73,0.03,-1.2262,-3.633677374
6192,巨路,0.07,476698,-0.236655425,0.040121086,-8.92,0,0.02,-0.44,0,1.7561,5.361358178
6196,帆宣,0.04,-1269662,-2.460482847,0.005857887,-7.7,0.000266897,0.01,0.05,0,1.8593,5.682252654
6197,佳必琪,0.06,440816,0.692347855,-0.069141747,25.09,0,0.02,0.67,0.05,1.8804,5.747942016
6201,亞弘電,0.07,19347,-0.920894137,-0.034149207,81.96,0,0.04,1.01,0.08,-0.2234,-0.668703888
6202,盛群,0.21,2093472,0.313695308,0.000500653,-54.79,0,0.09,2.2,0.1,2.7957,8.623763257
6205,詮欣,0.04,-21932,-1.222793348,-0.004126724,-8.34,0.000155493,0.02,0.76,0.02,1.2268,3.725735785
6206,飛捷,0.07,-203562,-1.460427717,-0.030722961,-65.48,0,0.03,0.19,0.09,-0.4941,-1.474988018
6209,今國光,-0.03,-104905,-0.363115909,0.937732923,81.21,0.067423898,-0.01,1.03,0,-1.2098,-3.585668587
6213,聯茂,0.06,2493560,0.069762633,-0.700240315,26.08,0.150169451,0.02,0.07,-0.01,0.923,2.794636503
6214,精誠,0.03,-2007698,-3.469371741,6.165351462,43.33,0,0.01,-0.77,-0.02,-1.1069,-3.284078792
6215,和椿,0.06,115624,-0.102228434,-0.170972097,9.44,0,0.03,1.62,0.03,1.8917,5.783132817
6216,居易,0.06,8620,-0.912349382,-0.044071354,111.59,0.009215071,0.02,-0.5,0.04,1.3103,3.982631546
6224,聚鼎,0.07,-47374,-1.120970234,-0.15938493,-0.25,0.010902769,0.02,-4.05,0.06,-2.8662,-8.354501539
6225,天瀚,-0.21,-5939,0.245334452,-0.020503262,-52.79,0,-0.06,-0.57,0.23,-19.0292,-46.91335364
6226,光鼎,0,93889,7.512920482,-0.004230935,0.53,0.009782361,0,-2.96,0.02,-3.575,-10.34615032
6230,尼得科超眾,0.03,431897,0.377789333,0.02615542,-9.05,0,0.01,-0.96,0.04,-0.748,-2.227256731
6235,華孚,0.02,254025,2.360252391,-0.120741788,-1.45,0.003156178,0,0.32,-0.01,9.0092,29.53569433
6239,力成,0.07,16499611,0.956266455,0.076532945,43.19,0,0.03,0.55,0.03,-0.6439,-1.91928848
6243,迅杰,0.05,-331,-1.00730378,-0.262606014,8.46,-0.515545496,0.03,2.7,0.05,3.4117,10.58826202
6257,矽格,0.06,7633782,2.636930237,0.132057364,26.91,0.013862177,0.02,0.39,0.02,-0.6601,-1.967256802
6269,台郡,0.03,3954079,1.573285097,-0.01244646,-13.76,-0.027161488,0.02,0.9,0.04,1.2844,3.902902386
6271,同欣電,0.08,2995705,0.501839132,-0.014023663,-18.91,0,0.03,3.03,0.02,7.0693,22.7424789
6277,宏正,0.06,921022,1.156227979,-0.046105137,-2.04,0,0.02,-0.17,0.03,-0.0001,-0.0003
6278,台表科,0.05,2343079,-0.032920457,0.01806541,-6.22,0,0.02,0.72,0.04,-1.8012,-5.306854724
6281,全國電,0.06,838245,0.795237799,0.003666393,13.5,0,0.02,0.07,0.22,0.131,0.393515055
6282,康舒,0.02,-827428,-2.890512116,0.136205364,-0.22,0,0.01,0.68,0.03,-2.0148,-5.923435321
6283,淳安,-0.07,-226257,-0.044058559,-0.110945238,-6.89,-0.00000676,-0.04,-1.54,-0.01,2.0618,6.313807052
6285,啟碁,0.02,-3020460,-4.357211849,0.016597708,-2.36,-0.00018872,0.01,0.04,0.04,1.3336,4.054391848
6288,聯嘉,0,-370310,-29.20764778,-0.020189468,-9.69,0,0,-1.08,-0.01,-0.1347,-0.403555922
6405,悅城,0,18328,-14.5762963,-0.600919143,492.77,0,0,5.34,0.05,1.081,3.278183151
6409,旭隼,0.14,1207861,-0.301032658,-0.064619438,10.77,0,0.06,0.05,0.14,-5.5616,-15.77406097
6412,群電,0.07,905035,-0.572787775,0.027755796,4.33,0,0.03,0.33,-0.02,-2.6977,-7.876735715
6414,樺漢,0.02,-2792378,-2.446229255,0.061637952,0.87,0,0.01,-0.52,0.01,5.2461,16.57838504
6416,瑞祺電通,0.03,249788,0.491618944,0.015500112,-107.78,0.000840998,0.01,-0.41,-0.06,0.2597,0.781125074
6426,統新,0,81307,15.20306895,-0.003507234,-339.67,0,-0.01,-3.68,-0.02,-1.0564,-3.135838463
6438,迅得,0.08,273260,-0.411676054,0.048660104,31.99,0.103243565,0.03,0.39,0.02,1.0448,3.167262262
6442,光聖,0.02,-208203,-3.913600806,0.014130021,21.1,0,0.01,-1.15,0.04,-0.4004,-1.196396814
6443,元晶,-0.02,113704,-1.559550407,-0.065237518,-9.68,0,-0.01,-0.31,0.04,4.5699,14.34576335
6446,藥華藥,-0.55,-1911288,-0.006669023,0.038133012,-81.39,0,-0.25,1.55,0,6.0425,19.24491645
6449,鈺邦,0.05,208500,-0.093836786,0.689537748,-11.61,0,0.02,0.08,0,1.7518,5.34800169
6464,台數科,0.04,1013421,0.278380751,-0.037798921,16.31,0.044999703,0.01,0.1,0,-0.5674,-1.692559984
6472,保瑞,0.08,983209,0.609954708,-0.04977326,4,0.250000924,0.02,-2.16,-0.02,1.7164,5.238086525
6477,安集,0.02,-180775,-2.809487108,0.283771379,40.53,0.000311783,0.01,1.59,0.01,3.1111,9.626679512
6491,晶碩,0.11,1950568,1.180306943,0.735738856,-7.68,0,0.04,0.3,0.01,-1.8924,-5.570442369
6504,南六,0.02,864799,4.451879917,-0.017883287,-0.12,0,0,-1.47,-0.04,-1.0492,-3.114690879
6505,台塑化,0.09,22392632,-0.464538079,-0.001389704,-130.19,0,0.02,-2.75,0.04,-0.0224,-0.067184948
6515,穎崴,0.07,441068,0.76541599,-0.023543477,97.25,0.001211548,0.04,1.34,0.11,-8.011,-22.15912786
6526,達發,0.15,573637,-0.75424643,1.497933222,5.36,-0.055495605,0.05,1.27,0,0,0
6531,愛普*,0.25,2331757,0.677673892,0.120505345,110.54,0,0.1,0.54,0.12,2.2399,6.871338352
6533,晶心科,0.03,265340,1.015296629,-0.027838995,2519.4,0.187569313,-0.03,0.03,-0.27,2.9349,9.065637157
6552,易華電,0.06,481624,0.693640724,-0.017405022,38.58,0,0.03,1.85,0.03,0.3202,0.963679124
6558,興能高,0.01,28651,0.143615535,0.00104088,59.05,0,0,-1.03,0.01,-4.8843,-13.94886058
6579,研揚,0.03,-292733,-2.094001794,-0.039702896,61.71,0,0.02,0.26,0.04,5.4758,17.34335042
6581,鋼聯,0.08,396792,0.280854264,-0.005054287,27.43,0,0.02,-1.05,-0.01,1.4099,4.289614803
6582,申豐,0.38,3519859,0.095465215,-0.092307692,174.32,0,0.12,-1.72,-0.05,4.0274,12.57533095
6585,鼎基,0.05,170299,-0.265851324,-0.027348454,-44.83,0,0.01,-1.92,-0.02,0,0
6592,和潤企業,0.01,-24432758,-10.91528039,0.059761527,-1.55,0,0,-0.72,0,0.2966,0.892441756
6605,帝寶,0.03,2606549,2.278983201,-0.035369786,-2.37,0,0.01,0.77,-0.01,-1.4512,-4.290726177
6606,建德工業,0.04,64461,-0.368605095,-0.130866198,-15.37,0,0.01,-0.32,0,0,0
6625,必應,-0.15,-136755,0.123604276,-0.083399318,-6.59,0,-0.06,-2.64,-0.06,-0.0008,-0.002399981
6655,科定,0.06,455834,0.572828465,-0.023541317,6.92,0,0.02,0.85,0.03,2.5418,7.82086461
6657,華安,-0.13,-70258,-0.153354864,-0.151127223,172.91,0.001208378,-0.05,-0.09,0,0,0
6658,聯策,#DIV/0!,,#DIV/0!,-1,-171.41,-1,#DIV/0!,-22.81,-0.74,0,0
6668,中揚光,-0.03,196969,-2.361900877,-0.048117382,26.57,0.145806656,-0.02,-1.7,-0.02,-1.523,-4.499767394
6669,緯穎,0.08,-19959850,-4.320144145,0.87950169,12.29,0,0.02,-0.01,-0.21,4.0598,12.68055063
6670,復盛應用,0.12,2102710,0.129565554,0.076821667,6.82,0,0.03,-0.14,-0.05,-1.1844,-3.511282047
6674,鋐寶科技,0,-284022,-29.94049317,13.16284585,-25.51,0,0,1.71,-0.05,4.3678,13.68406305
6689,伊雲谷,0.05,445693,1.563457645,0.095859298,27.93,0.218910172,0.02,0.3,0.26,0,0
6691,洋基工程,0.1,382431,-0.427690415,-0.065092387,0.22,0.469999026,0.04,0.35,0.01,1.0602,3.21443989
6695,芯鼎,0.1,-355558,-4.222210139,0.641763865,24.42,0.001252953,0.04,0.28,0,0,0
6698,旭暉應材,0.02,84510,1.219158658,0.133173468,18.87,0,0.01,0.93,0,-2.0559,-6.041767228
6706,惠特,0.08,1277344,0.914125801,0.006151424,-26.21,0,0.03,1.24,-0.03,-4.3347,-12.44855602
6715,嘉基,0.04,8889,-0.934790264,0.080783301,16.88,0,0.02,-0.82,0.11,-0.1624,-0.486409216
6719,力智,0.18,698491,-0.076564803,-0.01365482,6.08,0,0.08,2.12,0.06,-5.1614,-14.6987485
6742,澤米,#DIV/0!,,#DIV/0!,-1,-171.18,-1,#DIV/0!,-6.52,-0.43,0,0
6743,安普新,0,-478564,-51.12191035,-0.025436072,-4.89,0.229508197,-0.01,-3.87,-0.02,-4.5057,-12.9172072
6753,龍德造船,0.04,441247,1.022056027,0.350379741,-0.15,0,0.01,2.5,-0.04,0,0
6754,匯僑設計,0.03,208468,0.910744892,-0.102265487,0.06,0,0,-3.65,0.05,1.9127,5.848552385
6756,威鋒電子,0.17,560700,-0.100728944,-0.1396165,-34.44,0,0.05,0.73,0.01,1.9852,6.074612942
6770,力積電,0.09,15996208,0.613174368,0.114551741,4.38,0,0.04,2.55,0.02,-2.4839,-7.26813973
6776,展碁國際,0.03,661186,1.945687186,-0.048957261,-4.06,0,0.01,0.33,0.36,0.3489,1.050356184
6782,視陽,0.09,405418,0.625456062,0.7458349,32.45,0,0.03,-1.2,0.01,0,0
6789,采鈺,0.12,1864972,0.137573425,0.081022644,47.34,0.007192092,0.06,3.82,0.1,0,0
6790,永豐實,0.1,894396,0.071838936,-0.633249276,34.46,0.090740937,0.01,-2.3,-0.09,-1.7305,-5.102179313
6792,詠業,0.12,263357,0.191062408,-0.108406778,30.17,0,0.05,0.53,0.08,-0.7966,-2.370813403
6796,晉弘,0.06,3518,-0.913238631,-0.062575271,-34.28,0.332850645,0.02,-0.36,0.01,0,0
6799,來頡,0.22,190984,0.021277506,-0.236938588,-53.03,0,0.06,1.26,-0.11,0,0
6805,富世達,#DIV/0!,,#DIV/0!,-1,-176.45,-1,#DIV/0!,-23.93,-1.5,0,0
6806,森崴能源,0.04,-2454984,-8.941590916,-0.014017006,-273.32,0,-0.01,-12.88,-0.01,4.1921,13.11087814
6830,汎銓,0.06,426573,1.749919418,0.001550934,15.04,0,0.03,0.78,0.03,0,0
6834,天二科技,0.07,121331,-0.118323717,-0.05279038,-24.85,0,0.03,1.54,0.01,0,0
6835,圓裕,0.04,-78839,-1.743532674,-0.030787845,-13.67,0,0.01,-0.43,0.02,0,0
6861,睿生光電,0.09,-106785,-1.651823592,-0.013946536,15.16,0.128532258,0.04,2.3,0,0,0
6901,鑽石投資,#DIV/0!,,#DIV/0!,-1,-3750.07,-1,#DIV/0!,-47.02,-0.01,0,0
6906,現觀科,#DIV/0!,,#DIV/0!,-1,-440.38,-1,#DIV/0!,-69.41,-0.28,0,0
6916,華凌,#DIV/0!,,#DIV/0!,-1,-89.13,-1,#DIV/0!,-21.8,-1.11,0,0
6937,天虹,#DIV/0!,,#DIV/0!,-1,-130.65,-1,#DIV/0!,-38.76,-0.74,0,0
8011,台通,-0.02,75746,-1.509933284,-0.085499767,-1.69,0,-0.01,-2.38,0.01,-2.4331,-7.123141121
8016,矽創,0.25,6256000,0.254264167,0.052321656,32.44,0,0.1,2,0.08,0.8554,2.588213865
8021,尖點,0.05,580119,0.54631187,0.005194303,-16.38,0,0.02,-0.21,0.04,-2.6404,-7.713889446
8028,昇陽半導體,0.02,454637,3.123429805,0.191153953,-29.8,0.060000151,0.01,0.33,-0.02,0.1558,0.468128587
8033,雷虎,0.02,9803,-0.708616949,-0.010144928,64.2,0.177572898,0.02,1.38,-0.01,-3.6392,-10.52510638
8039,台虹,0.05,-208343,-1.332486994,0.225283181,-13.01,0,0.02,0.19,0.03,-1.2016,-3.561658215
8046,南電,0.14,11083839,0.57027471,0.033257505,35.43,0,0.06,2.78,0.05,-0.6618,-1.972289608
8070,長華*,0.06,1539110,-0.108402202,-0.052199548,2.37,0.014914145,0.03,1.74,0.02,4.1254,12.89378874
8072,陞泰,0.01,20629,-0.425967666,-0.00862069,-7.32,0,0.01,-0.02,0,-0.571,-1.703237387
8081,致新,0.18,1399972,-0.170286168,-0.071176399,-21.01,0,0.07,2.54,0.03,2.2539,6.915246952
8101,華冠,-0.26,-127174,-0.671178544,-0.243999846,16.58,0,-0.05,10.28,0,3.1625,9.790705132
8103,瀚荃,0.05,99088,-0.628913082,-0.033131763,-10.67,0,0.02,-0.3,0.05,-2.7167,-7.930691283
8104,錸寶,0.04,98174,-0.385244464,-0.031985037,-15.59,0.001723325,0.02,-1.32,0.03,0.0707,0.21224999
8105,凌巨,0,205728,4.939372943,-0.015464547,-0.27,0,0.01,0.96,0.02,-1.6961,-5.00248527
8110,華東,0,359106,-12.9965925,-0.01903575,-2.05,0,0,0.38,0.03,-1.1382,-3.375882477
8112,至上,0.04,-5159917,-3.184931605,0.011568708,-1.8,0,0.01,0.03,-0.1,2.6272,8.090478736
8114,振樺電,0.03,-97213,-1.269353002,-0.015664753,-5.03,0,0.01,0.34,0.02,5.131,16.1963233
8131,福懋科,0.08,2171018,0.932062448,-0.020520298,290.47,0,0.03,-0.31,0.02,1.9492,5.962321994
8150,南茂,0.09,5343375,0.473767782,0.129717906,-2.16,0,0.03,0.39,0.01,9.3307,30.68519378
8163,達方,0.03,-1272216,-2.396111086,0.201096701,4.27,0,0.01,-0.17,0.01,-2.2564,-6.617608581
8201,無敵,-0.11,-197558,0.971420303,-0.031404653,193.44,0,-0.04,-0.04,-0.02,-0.2605,-0.77946596
8210,勤誠,0.05,78461,-0.848784568,0.60373843,10.39,0,0.02,-0.35,0.04,3.242,10.04472444
8213,志超,0.04,528247,-0.592020785,-0.345265195,-4.18,0,0.01,-0.12,0.04,2.4667,7.584139157
8215,明基材,0.07,722792,-0.061734357,-0.043319638,1.87,0,0.02,1.05,-0.04,-1.4116,-4.175302841
8222,寶一,-0.06,-19044,-0.765320583,-0.180657872,-22.65,0,-0.01,5.04,0.01,0.0278,0.083423187
8249,菱光,0.02,323710,1.077221217,0.141071485,-30.86,0,0.02,0.17,-0.02,-2.3151,-6.785750181
8261,富鼎,0.13,622371,0.392207391,-0.026350181,-20.23,0,0.05,2.77,-0.06,-0.1407,-0.421506384
8271,宇瞻,0.09,-695694,-2.710561709,0.223148427,8.84,0,0.03,-0.64,0.04,2.3141,7.104190978
8341,日友,0.07,859164,0.292026455,0.389154819,96.62,0,0.02,-0.34,0,0.2203,0.662357032
8367,建新國際,0.03,429592,0.510472594,0.223739157,49.16,0,0.02,3.82,0.04,3.0504,9.433186584
8374,羅昇,0.04,7793,-0.935591315,0.021988201,12.76,0,0.01,-0.33,0.01,-0.6736,-2.007218455
8422,可寧衛,0.13,975473,0.047118974,0.005450096,86.95,0,0.04,-1.58,0.02,3.0335,9.379355131
8438,昶昕,0.07,287165,0.684439908,-0.149527807,-0.25,0,0.02,-0.81,0.06,0.2567,0.772078538
8443,阿瘦,-0.1,53701,-1.25710989,-0.143295994,-7.32,0,-0.04,-0.8,-0.01,-0.0126,-0.037795237
8454,富邦媒,0.11,3490090,0.542685539,-0.017362075,7.13,0.300000357,0.04,-0.04,0.19,-11.4466,-30.55903913
8462,柏文,-0.03,448484,-2.736714723,0.025515884,-42.86,0.049797541,-0.03,-12.82,-0.06,-3.7888,-10.94118866
8463,潤泰材,0.01,409670,5.433159027,0.048122071,28.84,0,-0.01,-1.14,-0.04,0.0349,0.104736545
8464,億豐,0.14,3511922,-0.138119429,0.024651798,26.66,0,0.05,-0.11,0.04,4.5802,14.37955541
8473,山林水,0.02,284939,0.062012441,0.2848821,16.63,0,0.01,0.95,-0.02,0.1542,0.463313696
8476,台境,-0.01,-3657,-0.827751872,0.01209946,-7.15,0,-0.01,-1.78,-0.05,-2.3597,-6.913368402
8478,東哥遊艇,0.08,1384073,1.340099652,-0.010680309,7.2,0,0.03,1.65,-0.02,-3.0075,-8.753868613
8481,政伸,0.11,237579,-0.037089126,0.384670232,150.73,0,0.06,0.12,0.06,2.2273,6.831830892
8926,台汽電,0.03,1248030,0.797762358,0.00979797,-22,0,0.01,0.06,-0.01,-1.701,-5.016690138
8940,新天地,-0.09,-109430,-0.252665151,0.132702734,-5.42,0,-0.06,-8.87,-0.12,-0.7531,-2.242327924
8996,高力,0.03,111215,-0.057547921,-0.14695694,-5.29,0,0.01,0.83,0.01,2.1436,6.569635617
9902,台火,-0.01,-12384,-0.180952381,-0.009011688,502.7,0,0,0.47,-0.06,-1.1422,-3.387610389
9904,寶成,0.04,9743454,-0.305510227,-0.412748277,-46.5,0,0,-1.53,-0.07,-0.1426,-0.427190247
9905,大華,0.05,341963,-0.328467798,0.018121535,-22.4,0,0.02,0.76,0.05,1.6938,5.167954697
9906,欣巴巴,0.02,-1827618,-9.807458026,-0.058002031,2.41,0,0.02,13.61,0.12,2.7685,8.53755971
9907,統一實,0.03,-951880,-1.72415939,-0.006739842,8.39,0,0.02,1.1,0.06,2.6651,8.210275696
9908,大台北,0.04,1000699,0.543669207,0.024672496,-36.09,0,0.02,0.49,-0.02,-0.454,-1.355825878
9910,豐泰,0.08,3025035,-0.079676853,-0.025476588,-33.57,0,0,-3.15,-0.17,-0.6019,-1.794853298
9911,櫻花,0.1,558348,-0.222826314,-0.117248312,21.1,0,0.03,-0.48,0,0.3006,0.904513527
9912,偉聯,0,-31883,-9.506670224,0.044553503,-4.79,0,0,-1.35,-0.05,-0.8099,-2.410074984
9914,美利達,0.1,1369112,-0.596227082,0.042767994,6.19,0,0.04,0.21,-0.01,7.4737,24.13853099
9917,中保科,0.08,1426808,-0.232158742,-0.004864431,20.07,0,0.03,-0.06,0.01,-0.9208,-2.737041893
9918,欣天然,0.03,266486,0.450082439,0.001731021,-82.28,0,0.01,-1.95,-0.05,0.0047,0.014100663
9919,康那香,0.02,388255,2.823514929,0.191902192,57.05,0,0,-2.01,-0.01,5.8834,18.7089969
9921,巨大,0.07,-365663,-1.069884374,-0.03606632,-0.95,0,0.02,-0.5,-0.06,0.0173,0.051908979
9924,福興,0.06,382613,-0.309565958,-0.136944365,-20.23,0,0.03,-0.81,0.02,1.5296,4.659348162
9925,新保,0.05,1250790,0.494249578,0.08097614,-22.18,0,0.02,-0.18,0,0.1273,0.382386365
9926,新海,0.05,748819,1.055517888,0.004073235,14.79,0,0.02,0.48,-0.02,-0.59,-1.759577538
9927,泰銘,0.09,671600,0.122119931,0.03089784,-118.4,-0.200000287,0.03,0.68,-0.03,0.0869,0.260926614
9928,中視,-0.01,68680,-2.382531151,-0.005263923,0.84,0,0,2.97,0.01,4.053,12.65846206
9929,秋雨,0,-53753,-6.464369218,-0.081596202,-21.28,0,0,0.55,-0.01,1.2906,3.921984419
9930,中聯資源,0.04,1008462,0.89699235,0.003431105,4.31,0,0.01,-0.54,0.01,2.2134,6.788258562
9931,欣高,0.03,239218,0.448778745,0.033245539,-8.18,0,0.01,-0.67,-0.01,2.641,8.134088496
9933,中鼎,0.01,6948225,7.963947983,-0.013426841,-2.03,0.000624589,0.01,0.52,0.04,3.3271,10.3170708
9934,成霖,0,-626313,-11.0567295,0.002131902,-2.33,0,0,-0.11,0,-0.3521,-1.052585133
9935,慶豐富,0.01,143102,1.08333212,-0.023441099,11.26,0,-0.01,-2.89,0.01,2.7642,8.52393612
9937,全國,0.05,1363120,1.315344987,-0.048282419,-5.7,0,0.02,-0.45,0.05,0.1015,0.304809172
9938,百和,0.07,1194706,-0.442023147,0.106735061,14.4,0,0.02,-1.29,-0.06,2.1448,6.573391655
9939,宏全,0.06,2548488,0.404356971,-0.129565084,-17.25,0,0.02,-0.41,-0.01,0.3859,1.162173311
9940,信義,0.05,4378997,1.595273387,0.027530206,32.5,0,0.02,-0.79,0.06,0.8716,2.637656811
9941,裕融,0.02,-15743877,-5.054198809,-0.006642036,0.4,0.150000015,0.01,0.61,0,3.5692,11.09432253
9942,茂順,0.09,409126,-0.058740435,0.006512495,-98.29,0,0.03,-0.25,0.01,1.3497,4.103996576
9943,好樂迪,-0.02,-101603,-0.261391393,-0.050431479,-146.83,0,-0.04,-8.02,-0.11,-1.8778,-5.528278152
9944,新麗,0.01,102021,1.644401244,-0.045195802,-28.14,0,-0.01,-3.24,-0.06,2.0133,6.162317373
9945,潤泰新,0.08,1793507,-0.889319363,-0.047303395,-13.07,0.4,0.02,-0.11,0.02,1.3357,4.060861136
9946,三發地產,0.01,-4201905,-28.8983169,-0.453562374,-31.1,0.05,0.01,-1.9,0.05,-1.1021,-3.269995131
9955,佳龍,-0.02,807,-1.013609457,-0.04684676,-8.46,0,-0.01,-2.59,-0.05,-7.9581,-22.02475906
9958,世紀鋼,0.05,178839,-0.843539403,0.26570682,-4.55,0.003649248,0.01,-2.07,0.04,-1.321,-3.91087929
